dp_link,dp_u,dp_usenum,dp_scene,dp_time,dp_huifu,dp_content
http://lvyou.baidu.com/yuanmingyuan/remark/?rn=15&pn=0&style=hot,蛋挞悦公主,有用(21),圆明园,2015-05-05 01:52,回复(35),，曾经的“万园之园”，如今改为遗址公园，徒留残垣断壁和遗迹供人凭吊。靠近 、北大、清华，可以串在一起游览，地铁4号线有圆明园站下车步行即到，门票10元，西洋楼遗址景区单独卖票15元，如要在 园看圆明园盛时全景模型展还要买票10 元。圆明园很大，但可游览性的少，很多地方如同旷野，去时提前买张地图，建议沿着大道走，不熟的地方少去，园内有收费的摆渡车推荐坐，往返才10元左右，半天时间游览已非常足够。如想深度了解圆明园还是租台讲解器吧，否则你看到的都是些残石或复建的景观。此外圆明园有2个节点分别是夏季的荷花节以及农历正月的“皇家庙会”活动，此时在京的话可以去看看。
http://lvyou.baidu.com/yuanmingyuan/remark/?rn=15&pn=0&style=hot,蛋挞悦公主,有用(12),圆明园,2015-05-30 14:41,回复(27),和 毗邻，可以放在一天游览，整个景区由圆明园、 园和绮春园三大块区域组成，整个圆明园的面积很大，步行走完全园会比较辛苦，不过园内有摆渡车，虽说另外付费，不过能节省不少体力，建议乘坐，在长春园东门和绮春园宫门有语音导游机可以出租。时间比较多的话，可以整个园区都看看，如果时间比较少，可以直接去西洋楼景区，这里可以说说是圆明园的精华所在，另外，在西洋楼景区入口附近有黄花阵，它是一处仿建欧式的长方形迷宫，一定要走一下这个迷宫，很有意思。圆明园共有四个门可以出入，每个门都有众多的公交车可以乘坐，也可以坐地铁4号线在“圆明园”站下车，A/B口出站即可。
http://lvyou.baidu.com/yuanmingyuan/remark/?rn=15&pn=0&style=hot,蛋挞悦公主,有用(17),圆明园,2015-01-18 00:44,回复(46),门票十元只是进入门口，如果想看这里的精华还需要再支付15元购买西洋楼遗址的门票，才能看到当年八国联军烧毁 的历史遗迹。残垣断壁看着没什么其实里面故事很多，所以建议还是租用讲解说明的电子讲解器或者听听导游的讲解，才能真真切切的感受这段历史。其实圆明园没有什么可以玩，主要还是精致公园，有点类似市民公园遛弯的地方，从门口走到大水法那边还挺远的，老人走起来还是挺累的。每年它有个荷花展，对这个景点如果您对历史不感兴趣可能会觉得无趣吧！交通上可以乘坐地铁四号线有圆明园一站下车出来就到了还是很方便的。不过看在票价不贵还是推荐外地的朋友来看看，游览之后可以在附近知名大学再逛逛。
http://lvyou.baidu.com/yuanmingyuan/remark/?rn=15&pn=0&style=hot,蛋挞悦公主,有用(4),圆明园,2015-07-23 21:13,回复(13),的交通很便利，地铁可以轻松到达，园子很大，整个逛过来需要整整一天的时间，会很累，想细看的最好是分成两天，年老体弱的建议乘坐园内的游船、电瓶车等工具，不贵，但是可以把几个主要的景点粗粗浏览了。园子里的岔路很多，建议每看到一张导览图都拍一下，以防迷路。西洋楼景区值得一去，遗迹很多，但是人也很多。全景沙盘可以放弃，没什么意思。其实个人觉得圆明园作为“万园之园”的精华，应该是在游人鲜少驻足的福海、圆明园两处的园林景观的布局，虽然已经看不见当年的赏景用的楼台亭阁，但是景真的很美，很有魄力，闭上眼可以想象遗迹上方当年的精美绝伦。还有一点，最好不要挑下雨天去，园子里有很多泥地会十分湿滑，比较不安全
http://lvyou.baidu.com/yuanmingyuan/remark/?rn=15&pn=0&style=hot,蛋挞悦公主,有用(0),圆明园,2016-03-15 19:47,回复(0),历史上著名的皇家园林，后遭洗劫和毁灭打击的破坏，如今的 遗址公园主要包括万春园、绮春园、 园、福海景区和西洋楼景区遗址景区（含大水法、展览馆、迷宫）等景点，除西洋楼景区遗址之外的地方以湖景为主，外加一些建筑，西洋楼景区遗址是成片仿建欧式的园林，也是目前圆明园遗址残存较多的地方。圆明园遗址公园的主要景点有九州清晏、方壶胜境、 秋月等。圆明园遗址公园的大门门票是10元/人，门票不包含西洋楼遗址和全景模型；西洋楼遗址景区门票15元/人，联票25元/人（含大门门票、西洋楼遗址景区、全景模型），主要参观景点在西洋楼遗址，参观西洋楼，最好买联票或直接在西洋楼买票。
http://lvyou.baidu.com/yuanmingyuan/remark/?rn=15&pn=0&style=hot,蛋挞悦公主,有用(17),圆明园,2015-05-17 10:34,回复(29),需要25元的门票，其中门票10元、西洋楼遗址的门票15元，因为只有到西洋楼遗址才能看到当年八国联军烧毁圆明园的历史遗迹。听听残垣断壁里面故事，每天来这里的旅游团很多，自由行的话可以 蹭团听导游的讲解，真真切切的感受过去那段屈辱历史。圆明园每年都有荷花展，圆明园很大，但可游览性的少，建议去时提前买张地图，不熟的地方少去，园内的摆渡车很不错的，往返才10元左右，半天时间游览已非常足够。
http://lvyou.baidu.com/yuanmingyuan/remark/?rn=15&pn=0&style=hot,蛋挞悦公主,有用(8),圆明园,2015-07-28 12:26,回复(16),"现在遗址并不多了，桥、亭子、建筑都毁的看不到过去的样子了，偌大的园子几乎空空荡荡，走在里面欧式痕迹很多，能想象到之前没有被摧毁前这里的另一幅豪华的气派景象。建议夏天的时候来，夏天的圆明园很美，现在圆明园开发了很多的项目，夏天的时候这里都会举办荷花节，荷花盛开，清香扑鼻。圆明园是万园之园，也是皇家园林。曾经的圆明园规模宏大而且富丽堂皇，现在这里也是一个非常好的爱国主义教育基地。【关于交通】乘坐319路、320路、331路至圆明园南门站下车；也可以乘坐地铁过来，乘地铁四号线,在圆明园】站下车,从B口出即是。【关于门票】这里的门票是25元，如果是要租凭圆明园中文讲解仪器的话费用是30元/台。"
http://lvyou.baidu.com/yuanmingyuan/remark/?rn=15&pn=0&style=hot,蛋挞悦公主,有用(3),圆明园,2015-10-14 13:01,回复(7),是历史的痕迹，那里诉说这清王朝的兴亡和衰败。圆明园的通票是20元，学生票半价，里面很大，可以走路，也可乘船或电瓶观光车。最有名的西洋楼遗址在最里面，也是最经典的景点之一。黄花阵也一定要进去走走，是圆明园内一座中西结合的迷宫。不过遗址的一部分都第二道门票，所以要去的看的朋友们在进园的时候就买通票。
http://lvyou.baidu.com/yuanmingyuan/remark/?rn=15&pn=0&style=hot,蛋挞悦公主,有用(25),圆明园,2014-11-24 16:28,回复(48),地铁4号线 南门出来就是，门票是25块，包括圆明园景区跟遗址区，从南门进，北门出，北门出口是没有地铁的，需要坐3站公交再回到南门地铁。一进门左手就能看到一座残桥，这是圆明园鼎盛时期近200座桥剩下的唯一一座残桥了。一共3 ，圆明园， 园跟万春园，地方很大，景区内有电瓶车从南门送到北门遗址区，6块。由于赶时间，一路狂奔到遗址区，看一下圆明园的标志性景点大水法。由于游客的不文明行为，现在的大水法是用栏杆栏起来了，门廊前面以前的水池上的狗跟梅花鹿的雕像，现在只剩下被抢走后石板上留下的洞了。旁边就是复原了十二兽首的雕像。圆明园所有的景象对于我们后人来说只能留在复原图上了。
http://lvyou.baidu.com/yuanmingyuan/remark/?rn=15&pn=0&style=hot,蛋挞悦公主,有用(35),圆明园,2014-03-04 12:48,回复(103),的面积很大，我们游完了 就坐公交来到了圆明园南门，南门距离北门有一公里左右吧，圆明园的精华部分大部分集中在北门那边，西洋楼景观，大水法等等的。里面有一个展馆，摆放了十二生肖的铜像复制品，还播着英法联军侵华火烧圆明园的影片，很多的游客都在看。环境相当不错，想把整 逛完不是一天能搞定的事情，还是选精华部分去吧。门票这方面，我们是学生，买了学生票联票10块钱。
http://lvyou.baidu.com/yuanmingyuan/remark/?rn=15&pn=0&style=hot,蛋挞悦公主,有用(10),圆明园,2015-11-16 17:47,回复(7),地铁4号线可以直接到，各位记得去的时候自己带吃的，门口的吃的卖的特别贵，还不是很好吃！门票不贵，我是分开买的，先买了10元入门，后来到西洋馆再买了一次15元。不去西洋馆就相当于没来了，看着那些遗迹，可以想象当年的景色，石头上的那些花纹，真的是巧夺天工。整个公园很大，很像现代的公园，但是骨子里透露着皇家的气派。有很多个荷花池，也有曲径通幽近的小路，现在的天气有些凉了，要是天热一点，这里会非常适合散步。
http://lvyou.baidu.com/yuanmingyuan/remark/?rn=15&pn=0&style=hot,蛋挞悦公主,有用(10),圆明园,2015-11-22 13:35,回复(6),，虽然已经被破坏的残败不堪，但还是值得我们用心去游览。第一，它的历史意义不容小觑。现如今的祖国正在繁荣发展，与圆明园的历史相对照，就更让我们珍惜现在，奋发图强。其次，它的风景也是极佳的。春天微风徐徐，河流开化，几只野天鹅在湖面上游来游去，更增添一番情趣（推荐清明小长假游览）。冬季虽然很萧条，但是冬日的暖阳也是不错的景致。春节期间还有庙会演出等。最后，门票也不贵，推荐买联票。
http://lvyou.baidu.com/yuanmingyuan/remark/?rn=15&pn=0&style=hot,蛋挞悦公主,有用(0),圆明园,2016-04-21 11:42,回复(0),，万园之园。真的很大，印象最深刻的就是大水法遗址，也是圆明园的一个标志。大水法，其实就是喷泉，为什么叫大水法呢？之前在古人的认识里都是水都是往低处流的，但喷泉是水往天上流，感觉到很神奇，顾称为水的魔法！
http://lvyou.baidu.com/yuanmingyuan/remark/?rn=15&pn=0&style=hot,蛋挞悦公主,有用(16),圆明园,2015-01-11 12:13,回复(27),"有思想的人去 一定要去的地方。
这是我初到北京去的第一个目的地。2000年，直奔 ，那时候是盛夏，我清晰地记得那天是2000年8月5日，买了一个圆明园的铜章。  感觉很震撼，六岁的时候懵懵懂懂的看的火烧圆明园的电影，十六岁的时候终于实现了。亲眼目睹圆明园的残迹。
至今却从未再去过。
回忆中永远是最好，不忍打破。"
http://lvyou.baidu.com/yuanmingyuan/remark/?rn=15&pn=0&style=hot,蛋挞悦公主,有用(0),圆明园,2016-04-19 12:30,回复(0),【注意！】圆明园遗址公园的大门门票是10元/人，半票5元/人，售票处设在绮春园宫门和长春园东门，门票不包含西洋楼遗址和全景模型；西洋楼遗址景区门票15元/人，半票5元/人 ；全景模型门票10元/人，半票5元/人；联票25元/人（含大门门票、西洋楼遗址景区、全景模型），联票半票10元/人，主要参观景点在西洋楼遗址。
http://lvyou.baidu.com/tiananmen/remark/?rn=15&pn=0&style=hot,蛋挞悦公主,有用(44),天安门,2014-04-20 13:01,回复(107),天安门不仅仅是一个旅游景点了，是一个国家的象征，是代表了整个中华人民共和国的形象，登上 要存包的，还要过安检，门票15块，学生票5块，我们是学生，5块觉得很优惠了，登上城楼能看到整个 ，人民英雄纪念碑， 等等，城楼还有一些关于天安门的历史，改造和开国大典等等的资料。
http://lvyou.baidu.com/tiananmen/remark/?rn=15&pn=0&style=hot,蛋挞悦公主,有用(21),天安门,2015-05-03 02:51,回复(36),天安门应该是每个人初到 的必去之地，城楼壮丽堪称 古建之典范。坐地铁去最方便，1号线在天安门东（西）站下走过去即到，很多人到此会匆匆看下外景留影，个人觉得有必要登上城楼，66年前毛主席在城楼上宣告新中国成立，登楼后可以俯瞰长安街和天安门广场，体验到一种爱国情怀和民族自豪感。登楼需凭身份证购票15元，学生、老人5元，安检是高规格的，随身行李必须寄存，且按体积收费，最好尽量少带行李登楼，城楼内部禁止拍照应严格遵守，这是讲政治的原则，有时城楼维修不会开放，晚上夜景更值得看，城楼灯火辉煌、流光溢彩，与广场四周建筑遥相辉映，四周有毛主席纪念堂、人民大会堂、国博、 等可串在一起游览～
http://lvyou.baidu.com/tiananmen/remark/?rn=15&pn=0&style=hot,蛋挞悦公主,有用(6),天安门,2015-10-14 13:30,回复(11),隔着长安街看天安门，和在天安门底下看，是两种感觉。第一天是在 看升旗仪式的时候，远远地眺望天安门，天安门在雾霾里，看不真切，第二天坐地铁，到天安门西站下，过了安检，到了天安门 下，比想象中的大很多，很雄伟壮观。再联想到了刚刚过去的70周年反法西斯战争大阅兵，对天安门油然而生出了敬畏。天安门是对民众免费开放的景点。走进天安门，走上国家领导人在阅兵时走过的路，看着70周年阅兵留下的指示牌，天安门是 走向辉煌的见证。不得不去的，也非常值得一去的地方。
http://lvyou.baidu.com/tiananmen/remark/?rn=15&pn=0&style=hot,蛋挞悦公主,有用(2),天安门,2016-03-17 19:41,回复(2),天安门，一个神圣庄严的地方！站在天安门 上，走伟人走过的路，看祖国的发展变化，真是振奋人心啊！建议带小朋友去参观参观！不过上天安门城楼貌似不能背太大的包，需要提前存好！安检很严格！另外楼梯很长，上台阶需要注意安全！
http://lvyou.baidu.com/tiananmen/remark/?rn=15&pn=0&style=hot,蛋挞悦公主,有用(26),天安门,2014-07-13 17:47,回复(16),对 整体印象极差，对天安门唯一的印象就是东边那个所谓的五星级厕所。 随便挑一个厕所就比那个还好我可以这么说吗？天安门本身就是建国后复原翻修的，根本不是当年老的，当年为了建设 还把中华门（清朝叫大清门，明朝叫大明门）拆了。但是毛主席像真的很英伟！
http://lvyou.baidu.com/tiananmen/remark/?rn=15&pn=0&style=hot,蛋挞悦公主,有用(1),天安门,2016-03-24 10:18,回复(0),这是 的标志，共和国的象征。那幅巨大的毛主席画像悬挂中间，注视着祖国的发展。 前的广场开阔宏伟。每天都有国旗班的战士升降国旗，让美丽的五星红旗与太阳一同升起，降落。看升旗，可是到北京必须要做的。不亲身经历你永远都无法体会到那种震撼，那种心潮澎湃。随着国旗的缓缓升起，所有人高唱国歌，让人无比激动。
http://lvyou.baidu.com/tiananmen/remark/?rn=15&pn=0&style=hot,蛋挞悦公主,有用(5),天安门,2015-03-09 21:43,回复(3),我是14年10月25号去的 ，第一天就好大的雾霾，但是也阻止不了我去北京各个景点的脚步，我从西单一直走到 ，当时北京有好多的警察在查身份证，非常严格，天安门广场上也人山人海，过去都要过安检的，看到美丽的广场心情就别提多激动了，还有音乐喷泉呢，到处都是拍照留念的，游玩的，广场对面还有一个很大的花篮，非常漂亮！不愧是 的首都，很威严壮观，引得好多外国友人在此拍照留念，真是个国际化的大都市！
http://lvyou.baidu.com/tiananmen/remark/?rn=15&pn=0&style=hot,蛋挞悦公主,有用(0),天安门,2016-01-20 17:04,回复(1),尽管人多，尽管很热， 还是必须给五星。这应该是每个 人都想去的地方，不为什么，只因为是中国人。貌似什么景点都有淡季旺季，这个应该没有吧，站岗的军人很帅气，应该也很累吧。去了后肯定能增加爱国情怀的。
http://lvyou.baidu.com/tiananmen/remark/?rn=15&pn=0&style=hot,蛋挞悦公主,有用(0),天安门,2016-03-15 19:53,回复(0),庄严肃穆的地方，是明清两代 皇城的正门。正中门洞上方悬挂着巨大的毛泽东主席画像，两边分别是“中华人民共和国万岁”和 “世界人民大团结万岁”的大幅标语。它以其500多年厚重的历史内涵，高度浓缩了中华古代文明与现代文明，成为举世瞩目、令人神往的地方。需检查身份证，晚上前往 的道好像是不通的~
http://lvyou.baidu.com/tiananmen/remark/?rn=15&pn=0&style=hot,蛋挞悦公主,有用(0),天安门,2016-01-08 12:17,回复(3),还是很壮观的。 到天安门去最好的交通就是坐地铁，坐到天安门东站下车就可以了，出地铁站后，就可以看到有安检的地方，因为进入天安门广场是需要安检的，还需要看身份证。 进入天安门的 上面的话，是需要把你的包先寄存了，在城楼的后面有专门寄存包的地方的。但是包包寄存是一个小时，所以去城楼上面观看游览最好是在一个小时内完成，大家要把握好时间哦，一般来说，一个小时是足够的了。 上城楼要买票的，不过价格不贵，直接到了那里再买就可以了。另外，很多人认为 周一闭关，天安门也会参观不了，那就错了，天安门周一是可以去参观的。在城楼上面看广场，很大很大，周围的几个建筑都可以看到。还是挺壮观的。
http://lvyou.baidu.com/tiananmen/remark/?rn=15&pn=0&style=hot,蛋挞悦公主,有用(0),天安门,2016-03-10 19:19,回复(0),很遗憾起来晚了，没有看到升国旗，赖床真的是会让人错过很多风景啊。不得不说，外面站岗的兵哥哥真的是纹丝不动啊，太厉害了，崇拜，辛苦了。天安门真的修的很气派啊，恢弘大气，站在这里突然觉得一定要带外公来 ，来天安门，外公以前是军人，我想军人都对北京会有特别的情感，毛主席在他们心中都有着无比崇高的地位
http://lvyou.baidu.com/tiananmen/remark/?rn=15&pn=0&style=hot,蛋挞悦公主,有用(11),天安门,2015-07-16 14:53,回复(12),我欣赏我的祖国，是因为 曾经经历了多少沧桑、经历了多少风风雨雨啊；我热爱我的祖国，是因为它在毛泽东、邓小平、江泽民总书记的领导下，发生了翻天覆地的变化；我敬佩我的祖国，是因为在孙中山这位大总统的领导下，打响了“武昌起义”，发动了“辛亥革命”使中国从半殖民、半封建的社会中走了出来；我喜欢我的祖国，是因为祖国的壮丽风景使人心旷神怡……[棒]
http://lvyou.baidu.com/tiananmen/remark/?rn=15&pn=0&style=hot,蛋挞悦公主,有用(0),天安门,2015-12-05 21:22,回复(1),第二次到 天安门广场了，两次都是出差到北京，随便来看看。天安门广场位于北京市的中心位置，作为城市的中轴线。天安门城楼， 博物院，国旗，华表，人民大会堂，毛主席纪念堂，人民英雄纪念碑，国家大剧院， 国家博物馆都在这一块。交通很方便，地铁1号线在天安门广场东，西都有站。公交也很方便。天安门广场，天安门城楼，人民大会堂这一块最大的特点就是治安很好，到处都有武警站岗和执勤，就算是陌生人，也不用担心会迷路的。对着天安门城楼站在广场上，正眼看到的是天安门城楼，左手边是人民大会堂，国家大剧院。右手边是中国国家博物馆。作为中华文明的象征和中国文明的象征，到北京必须来看一看。
http://lvyou.baidu.com/tiananmen/remark/?rn=15&pn=0&style=hot,蛋挞悦公主,有用(10),天安门,2015-07-27 00:12,回复(15),标志性地标啊，第一次去 的人必去[酷]地铁就可到达，宏伟的 ，凌晨四点起床去看升国旗，也是第一次去北京的人必须要经历的一个景点!早上地铁没开，庆幸我们住在附近[酷]左拐右拐走了四十分钟就到了，人很多，要选择最佳拍摄地点，抢一个人好的位置[表扬][表扬][表扬][表扬][表扬]
http://lvyou.baidu.com/tiananmen/remark/?rn=15&pn=0&style=hot,蛋挞悦公主,有用(0),天安门,2016-02-12 12:23,回复(0),天安门是 必须来的地方。既然来了天安门，怎能不看看升旗呢，事先在网上查一下第二天升旗的时间一般是六点多。我们去的时间不算太晚，天已经微微的亮了，但是前排能看到天安门的已经是人挤得密不透风，他们是不是提前两三个小时来等就不知道了。在广场上看升旗的人不是一般的多，进来还要安检。
http://lvyou.baidu.com/houhai/remark/?rn=15&pn=0&style=hot,蛋挞悦公主,有用(25),后海,2015-09-12 14:21,回复(34),现在变得有点商业化了，大大小小的酒吧多多少少都打破了后海应有的宁静。后海是什刹海的一部分，要把后海来一个深度游起码要花上大半天的时间。我把我的行程分享给大家，希望对有心来一个什刹海深度游的驴友们有帮助。早上去北海公园，大概要花费3个小时，感受 人的休闲生活，看看白塔矗立在北海上的风貌；中午到恭王府，大概花费2个小时左右，领略一下和珅家里的气势；下午到前海来一个安闲的下午茶，然后逛逛京城老街烟袋斜街和 ，顺着鼓楼大街一直走，晚上到后海尽情享受京城夜生活的热闹；这样就可以把什刹海附近的一带都游玩了一遍！这里一带的消费水平属于中上级别，特别是住宿和餐饮，优点是交通比较方便，有地铁和公交。
http://lvyou.baidu.com/houhai/remark/?rn=15&pn=0&style=hot,蛋挞悦公主,有用(23),后海,2015-05-18 01:54,回复(31),是什刹海的组成部分，什刹海由前海、后海、西海三块水域组成，与北海一水相连，是感受老 的精华和娱乐休闲的好地方。从烟袋斜街步行就能到后海，后海最大看点不是沿岸的仿古建筑，而是各类酒吧，入夜之时才是最热闹的时候，特别适合喜欢泡吧喜欢小情调的年轻人去，后海从来不缺风月，只等你来。如不想去酒吧，可沿着后海一路走，从银锭桥的北岸一路走可依次到达酒吧一条街、宋庆龄故居、九门小吃、柳荫街、恭王府、郭沫若故居、 、地安门等，沿途有很多租自行车的，单车双人车都有，单车一辆才10元一小时，但要交押金300元，骑车逛后海是种不错的体验，每到一景点还可以停下去看看，但很多故居下午5点就不售票了。
http://lvyou.baidu.com/houhai/remark/?rn=15&pn=0&style=hot,蛋挞悦公主,有用(15),后海,2015-05-15 16:09,回复(27),后海是 什刹海的一部分，周边是北京城内面积最大、保存最完整的一片历史街区，有名人故居、王府等众多古迹，后海最出名的就是酒吧了，不过需要注意的是后海的酒吧有时候酒水标价并不贵，但结算时会故意多算你钱，最好对一下清单。另外，湖面上的游船也是不错的选择，后海的野鸭岛码头根据不同船型，船费在每小时40-60元之间，后海的公交众多5路、60路、82等“鼓楼”站下，步行约300米即到后海。地铁8号线“什刹海”站，可以到前海和后海的交界附近，地铁2号线“积水潭”站，是到的西海这边。后海紧邻北海公园与景山、 离得也不远，可以白天游玩，晚上到后海的酒吧坐坐；喜欢逛街吃小吃的，可以去旁边的 接着逛。
http://lvyou.baidu.com/houhai/remark/?rn=15&pn=0&style=hot,蛋挞悦公主,有用(38),后海,2014-05-09 19:29,回复(146),，不只是后海。从烟袋斜街的兔儿爷、京扇子到大清邮政局，满满都是有趣的小店面儿。沿着后海北沿，有宋庆龄故居，也就是曾经的醇亲王府花园，纳兰容若故居，园子不大，人却不多，亭台曲水，垂柳丁香，一派静谧，园中还有宋庆龄生平展览，值得一看。后海与前海间有一座银淀桥，过桥向南，还有恭王府和郭沫若故居，恭王府很漂亮，在闭馆前一个小时去人比较少。此外，后海最为出名的就是夜景了，搭配上酒吧和驻唱者的歌声，别具特色。与后海邻近的还有 ，吃的多，人也多，文宇奶酪店不可错过，帽儿胡 还有末代皇后婉容的故居。这一片是可以一天玩儿完的，而且有吃有喝有的玩。但是在后海不要玩的太晚，公交停运以后交通比较不便。
http://lvyou.baidu.com/houhai/remark/?rn=15&pn=0&style=hot,蛋挞悦公主,有用(4),后海,2015-12-22 20:56,回复(5),实在找不到 的照片了，但是推荐一家店，要说吃小吃别去 可以去什刹海那边的《九门小吃》，朋友推荐的，老 人，里面吃的比较全，挺正宗的，老北京小吃 胶圈、豆汁什么都有，没喝过豆汁的建议还是不要轻易尝试，这可不是你喝的豆浆！没有照片，好吧，放个推荐人美女照片吧，这是在店门口照的
http://lvyou.baidu.com/houhai/remark/?rn=15&pn=0&style=hot,蛋挞悦公主,有用(16),后海,2015-06-25 00:52,回复(15),"接近中午过后我们从北门离开 肚子有点饿了却找不到餐厅吃饭，按照行程下一站要到恭王府，从北海北门到恭王府比较近，经过荷花市集买几串肉丸先果腹再说自己饿了没关系爸妈可不能饿着啊。
边走边吃刚好遇见一辆游园车可以载我们到恭王府门口，从上车到目的地也只有500公尺每人收费¥5元真是坑人。
走着走着就到了钟鼓楼，就在 步行环绕轻松享受湖边的景色。
钟鼓楼是坐落在 市南北中轴线北端的一组古代建筑，是北京规模最大，形制最高，是古都北京的标志性建筑之一，也是见证中国近百年来历史的重要建筑。"
http://lvyou.baidu.com/houhai/remark/?rn=15&pn=0&style=hot,蛋挞悦公主,有用(1),后海,2016-03-28 19:07,回复(0),胡同小宅---- 的家庭旅馆，就在北海边， 前面，严重推荐这家，超级温馨，超级热情，还不贵，一个人50，要去北京的朋友们，要去住住了，交通不是一般的方便。网址在这里，http://www.douban.com/group/364427/，住的家庭旅馆的一排排柿子，好漂亮呢他们家养的鸽子，两个老人家没事干，养点鸽子，鸟，陶冶下情操
http://lvyou.baidu.com/houhai/remark/?rn=15&pn=0&style=hot,蛋挞悦公主,有用(1),后海,2016-03-28 19:12,回复(0),回市区的公交车很堵，看到地铁站就下车了，回到积水潭，打个车说去 ，被放在了鼓楼那里，凭感觉瞎走，找到了 ，一路到了 的酒吧街，好热闹！酒吧驻唱个别苗头...抓了个拉客的问宏源涮肉在哪，到了发现要等，一等就一个多小时，呵呵，吃顿好的真心不容易啊~~~不过好吃，真好吃！！
http://lvyou.baidu.com/houhai/remark/?rn=15&pn=0&style=hot,蛋挞悦公主,有用(0),后海,2016-03-28 16:41,回复(1),穿过这片大杂院就是 了，后海原名 ，是当年 人入关没有见过海，见到如此大的一片湖泊以为就是大海。再加上当时附近有十座古庙，故取名什刹海。当然了，这不是提前做的功课，是人力三轮车师傅含糊不清地讲给我听的，之前说的分辨文武官府邸的方法也是听他说的。
http://lvyou.baidu.com/houhai/remark/?rn=15&pn=0&style=hot,蛋挞悦公主,有用(0),后海,2016-03-28 19:03,回复(0),早上的 还是蛮冷的，我们7点10分就出发了，目的地是皇后湾。大概8点半才到 （后来发现其实就是 码头的旁边，所以水质还是不错的。）在渔船上等到10点，导游开始说别的收费项目了。我们在网上是定的160一人的深潜（包接送、中午烧烤、水上飞鱼、香蕉船）现在被告知每人还需买一个一次性咬嘴30元，另外如果需要水下拍照的，每人200元大概20张照片。（之前看攻略说拍照是100元一个人的，也许春节涨上去了，不打算降下来了吧）哎，既来之则安之。
http://lvyou.baidu.com/houhai/remark/?rn=15&pn=0&style=hot,蛋挞悦公主,有用(0),后海,2016-03-28 18:53,回复(0),我们住在锦江之星 店，德胜门内大街103号，之前在淘宝找人代订的，门市价打九折，免费送早餐，退房可以延长至下午两点，没有锦江之星会员卡的，这还是挺划算的。经济型酒店，条件自然是一般，但电吹风、电熨斗、伞、地图等都能免费使用，也算方便。酒店离地铁站不近，步行15分钟左右，但沿着后海走，看看风景，看看别人钓鱼，也不觉得路很长。2号线是环线，换乘挺方便的。酒店靠近德胜门，交通比较方便，有872路车通往长陵、定陵，还有个旅游集散中心，这是后来才知道的。
http://lvyou.baidu.com/houhai/remark/?rn=15&pn=0&style=hot,蛋挞悦公主,有用(0),后海,2016-03-28 18:47,回复(0),那葫芦甚是可爱，仔仔问我，是不是酒葫芦，我告诉他，等它成熟了，可以用来装酒的呢。 在巷子里转悠后，终于又走进了另一个四合院，看来这次我是走进了一个真正的四合院了呢，其实呢所谓的四合院就是一个院子里建了很多的房子，院内的人们都是共一个出进的大门，每家每户间留有一条小道，以供人通过，我先前看到的那种要么时富人家的四合院，要么时后面改建的，真正的四合院是没有这么大个院子的呢，有的只有这种小巷子似的小道。这才是真正的 人的四合院生活吧。看来转到小巷内还是有很多收获的呀，胡同的尽头通到了 公园，不过要和大部队会合，晚上还要去后海酒吧的，就从另外一条胡同再拐回到主路上
http://lvyou.baidu.com/houhai/remark/?rn=15&pn=0&style=hot,蛋挞悦公主,有用(0),后海,2016-03-28 18:45,回复(0),当日中午12点航班，飞 ，大概2点半出机场。坐机场快线地铁25元/人，转2号线，积水潭站下走15分钟找到酒店。德胜门内大街够破的，让这家酒店外观也显得不起眼。下午稍息后，5点走出酒店在 边走走。后海边都是垂钓的闲人，还有小学生拿着作文本，一边钓鱼一边写作文的。不时有骑自行车的游客过往，黄色的两座、三座自行车，都是租借的，询问下来按小时算得，有介绍说有不计时的为好。一路走来，稍累后回酒店，叫齐伙伴们外出吃饭。
http://lvyou.baidu.com/houhai/remark/?rn=15&pn=0&style=hot,蛋挞悦公主,有用(0),后海,2016-03-28 18:45,回复(0),从长城回来，在德胜门下，已经是 的高峰路堵时间。我决定步行。托尼双手赞成。我们沿着德胜门内大街向南，又到了 ，后海的下午真的是最好的时候。围着湖走，看到孔乙己酒店，带着托尼进去，结果服务小姐几句话把我给说出来了。一是不听我的点单，强行推荐，二是说我点的菜要半小时上，意思还是要我点她推荐的菜。我很气愤她那一句，288也不是很贵啊。出来继续沿着湖走，想起昨天看到的爆肚张，托尼喜欢在露天看景吃饭。到了那里，果然受到热情接待，最后结账196元。托尼喝了两大杯扎啤，还夸服务员大姐是他见过的最好的。估计因为大姐给他摘了两个小辣椒，嗜辣的托尼到哪里，辣椒是先入他法眼的。
http://lvyou.baidu.com/houhai/remark/?rn=15&pn=0&style=hot,蛋挞悦公主,有用(0),后海,2016-03-28 18:37,回复(0),我和LG都贪睡，往往都是早上睡到9点过，然后收拾梳妆10点过才出得了门，到了 都该吃午饭了，勤劳的穷游儿们千万不要效仿我们啊。在鼓楼西大街吃的王胖子驴肉火烧，也是在大众点评网上看到的，特意寻过去，味道真的很好，特别是那个汤很鲜，吃得我们吧唧吧唧的。特别推荐一下大众，下在手机里非常方便，吃货必备法宝，在 这几天，找美食全靠它呢
http://lvyou.baidu.com/badalingchangcheng/remark/?rn=15&pn=0&style=hot,蛋挞悦公主,有用(66),,2015-04-09 08:03,回复(119),是明长城保存最好、最具代表性的一段，往往是游客初登长城的首选。你在 、前门等地游玩，总有野导游问你去八达岭不，喊你报1日游的团，很多DM单上团费才几十元，敢说绝对是有隐性消费的。最方便的是去德胜门城楼下乘坐919直达 ，那儿黑车也多，你要看清可以刷一卡通的才坐，旺季会排很长的队，上车后还会有导游模样的人一路讲解，别以为是公交公司安排的福利，他们都会向你推销乘坐60元的滑车直接到长城第四台，我就买了的，感觉坑了，长城可供攀爬的段并不多，游览时间不会太长。一定要避开节假日去，城墙上就那么大块地，人多了都走不动，旅行体验超差，长城两边春夏景色不错，还要选好天气，备好防晒的和足够的干粮。
http://lvyou.baidu.com/badalingchangcheng/remark/?rn=15&pn=0&style=hot,蛋挞悦公主,有用(39),,2015-03-24 19:44,回复(60),"有了京津冀旅游年票后就开始去了解上面的景点, 这次去八达岭景区是去参观 全周影院, 早上在德胜门北面搭上877长城专车直达八达岭, 下车后步行从前山停车场到后山停车场, 全周影院就在旁边.  影片大约10多分钟, 影院的设备已老旧, 投射的画面太暗也不清晰, 如果要花$40门票的话真的是坑人, 还好有旅游年票可以免费参观."
http://lvyou.baidu.com/badalingchangcheng/remark/?rn=15&pn=0&style=hot,蛋挞悦公主,有用(22),,2016-02-22 21:25,回复(32),不到长城非好汉！八达岭是 必去的景点之一！关于交通方面：如果想省钱的话，铁路S2下车后要走很远路，所以坐公交车是最好的选择。地铁积水潭B出口，过了人行天桥再走几步就来到德胜门了，在后面坐车。现在直达八达岭的公共汽车只有一趟，就是877路公共汽车，就在919路后面，全程票价12元，1小时多就到景区了，车上会有导游，会跟乘客介绍一下长城，他们会说服你买套票，就是来回坐缆车之类的，如果是年轻人的话绝对徒步就可以了。八达岭门票旺季是45元，淡季是40元，注意一下游玩时间，要赶上回市区的末班车（877路夏季10:30-17:00 冬季11:00-16:30），最后自己在公交上问一下人。
http://lvyou.baidu.com/badalingchangcheng/remark/?rn=15&pn=0&style=hot,蛋挞悦公主,有用(64),,2015-03-06 12:07,回复(164),"“路线：地铁二号线积水潭站下车，出门向东500米，乘坐公交车919路，大概一个小时就到八达岭了。千万不要被黄牛忽悠了。919在地铁涨价之前是一卡通6元，普通12.
景点：既然来爬长城了，既不要怕累，怕晒，怕风吹了！ 我是11月份去了，冻成狗了！不过还是有很多老外去，大概他们对户外运动的感受更加强烈吧！
PS：尽量选择淡季去，避开高峰！”"
http://lvyou.baidu.com/badalingchangcheng/remark/?rn=15&pn=0&style=hot,蛋挞悦公主,有用(122),,2013-10-23 09:08,回复(265),还可以吧，大家都觉得累的原因就是，刚开始爬的一段长城，楼阶的高度非常高，等爬远一点就好了，就不累了，有很多人都是倒在了前一段路上！再这里指出一个不文明的现象，居然有家长叫小孩在长城的箭楼里大便，这素质得差到什么地步，看样貌也能猜出是哪的人，就应该罚款，罚得他连裤子都穿不上！恶心！
http://lvyou.baidu.com/badalingchangcheng/remark/?rn=15&pn=0&style=hot,蛋挞悦公主,有用(1),,2016-03-28 18:05,回复(2),此次 之行，让我感受挺多，也终于欣赏到了关外的风景。从位于三环的酒店出发，我们驱车上了京藏高速，这条高速路看起来并不是那么的有气势，尤其是出了五环以后，看起来小小的，反倒不怎么像高速公路，不过路两傍的封闭式建筑风格却告诉了我们，这里还是高速公路，我们的车开得比较平稳，开了差不多一个小，才到达第一个目的地－－八达岭长城。
http://lvyou.baidu.com/badalingchangcheng/remark/?rn=15&pn=0&style=hot,蛋挞悦公主,有用(2),,2015-12-22 19:49,回复(2),喜欢（0）评论（0）分享（0） 是一座堵城，早有耳闻，所以为了能够愉快的玩耍，坐公交当然是下下策虽然有公交直达长城，但我选择了坐动车去和谐长城号 在北京北站有开往八达岭的柴油动车组车票也就十来块吧，不过因为我们没有办卡，买票排队耽误了好长时间爬长城的那天，阳光明媚，人潮拥挤看看那架势，是不是感觉随时会发生踩踏事件啊头顶一直盘旋着一架画着十字架的军用直升机，在这进退两难的长城上，或许是发生意外时，直升机直接将人吊上去吧堵在长城上....爬到最高点，爬一圈下来，直接到达熊乐园八达岭长城
http://lvyou.baidu.com/badalingchangcheng/remark/?rn=15&pn=0&style=hot,蛋挞悦公主,有用(1),,2016-04-18 08:27,回复(2),，是 古代伟大的防御工程万里长城的重要组成部分，是明长城的一个隘口。八达岭长城为居庸关的重要前哨，古称“居庸之险不在关而在八达岭”。明长城的八达岭段被称作“玉关天堑”，为明代居庸关八景之一。八达岭景区以其宏伟的景观、完善的设施和深厚的文化历史内涵而著称于世，是举世闻名的旅游胜地。
http://lvyou.baidu.com/badalingchangcheng/remark/?rn=15&pn=0&style=hot,蛋挞悦公主,有用(1),,2016-03-30 17:46,回复(2),去 ，要在德胜门箭楼下乘坐877路公交车！车场入口处，有穿公交制服的督导员忽悠你坐长城专线车，千万别坐，那车不能刷公交卡，车费要好几十元！往里走，找到877路直达长城的公交车，上车后，闭目养神，千万别听车上那个所谓的导游讲解，她说一道的废话，只是为了骗你，下车后买100多的门票{淡季}，含缆车的票。其实淡季门票才35元！到八达岭车场后，下车直接找登长城的入口，走一段路后，会到达长城售票处！千万别听877公交车上的那个假导游忽悠，她会让大家在车场的窗口购票，其实那是包含缆车的门票，很贵的！记住，877很黑的！
http://lvyou.baidu.com/badalingchangcheng/remark/?rn=15&pn=0&style=hot,蛋挞悦公主,有用(3),,2014-04-01 13:14,回复(23),开车过去，通过导航进入的线路已经变道，一到附近成片的饭托，以停车的名誉大肆宰客，等停好车，又得坐班车到脚下，直觉上是班车下后往长城方向走，等走到门口发现要从这个口上去必须坐揽车上去，门票还不便宜。既然叫蹬长城，那不可去做揽车上去，问检票的人说要爬上去什么走，检票员很不高兴的随便乱指了一下就不理人了，通过路人才打听到爬上去的门口。长城作为 的标志性建筑，这么的过份商业化运作，实在有丢中国的形象。
http://lvyou.baidu.com/badalingchangcheng/remark/?rn=15&pn=0&style=hot,蛋挞悦公主,有用(3),,2015-08-12 11:39,回复(3),"第一天在 玩，有中国青年旅行社的导游，叫张玉翠过来拉客。长城一日游，60元带购物，120纯游玩。我们选择120。导游说免费车接送，还送2张 门票。第二天到大巴上，换了一个男导游，东北人，说话不清晰又不客气，又让每人交150元的明蜡像馆门票（其实是30元的门票）。自己在长城玩只有1个小时。然后带我们去各种购物点，买的愈多导游提成越高。都是骗子啊。回来后查信息完全都查不到。附上假导游的电话18310202253,18301669886。刚到 会有市政府发的短信，一定不要忽视它。正规旅行社从来不会外派导游拉客。市政府也是睁一只眼闭一只眼，不作为，黑导游才那么疯狂。出门只能相信自己，千万防骗。"
http://lvyou.baidu.com/badalingchangcheng/remark/?rn=15&pn=0&style=hot,蛋挞悦公主,有用(0),,2016-03-28 17:03,回复(1),住处- ：崇文门乘地铁2号线，在积水潭下车（A口出），步行668米至德胜门，乘877（经1站），到八达岭长城下车，步行1752米到达。注意：车上有导游劝大家买滑车及长城门票一共100元，如果不需要可以不购买，到前山直接购买45元长城门票即可，滑车也可以选择单程，单程30元。
http://lvyou.baidu.com/badalingchangcheng/remark/?rn=15&pn=0&style=hot,蛋挞悦公主,有用(0),,2016-04-20 14:55,回复(0),爬长城最好还是淡季去哦[调皮]，因为要坐小火车，旺季人多，往往会没有位置，然后就跟逃难似的狂奔[无奈]。淡季只要不超过时间，随你慢慢走啦。对了，小火车上有代购票70元，淡季不要为了图方便在小火车上买哦，因为你会发现，景点售票点会更便宜40元左右[大笑]。爬长城一定要慢慢来，聊聊天，走一走，不然会很累很累。缆车单程80.双程100，额，自己看着办哦[坏笑]
http://lvyou.baidu.com/badalingchangcheng/remark/?rn=15&pn=0&style=hot,蛋挞悦公主,有用(6),,2016-03-28 18:03,回复(2),登 可以分左右两条路线，感觉都差不多，我和大勇选择的是看上去比较短的一边也就是左边，但登上去也需要一点时间，登高所在，风光无限啊！~长城真心很陡峭，建议大家在爬长城前先考虑一下自己的鞋子是否适合！~
http://lvyou.baidu.com/badalingchangcheng/remark/?rn=15&pn=0&style=hot,蛋挞悦公主,有用(0),,2016-04-20 10:41,回复(0),位于 市延庆县军都山关沟古道北口。八达岭由“八大岭”、“巴达岭”、“八道岭”、“把鞑靼”这四种谐音而得名。八达岭是居庸关的外口，北往延庆、赤城等，西去张家口、 等，东到永宁、四海，南去昌平、北京等地区，可谓是四通八达，所以它是古代一条重要的交通要道和防卫前哨，素有“京北第一屏障”之称。
http://lvyou.baidu.com/yiheyuan/remark/?rn=15&pn=0&style=hot,蛋挞悦公主,有用(25),颐和园,2015-01-11 19:07,回复(64),保存最完整的皇家园林之一， 的大真是要走一走才知道，颐和园的美真的要看看才了解。这里是按照西湖风景来做的，有着江南园林的影子，万寿山的壮丽， 湖的悠闲。佛香阁的神秘， 街的热闹，十七孔桥的知名度可看可多得太多了。慈禧走的昆明湖建议你也绕着走一走，这里的亭台楼阁真的是一步一景。万寿山下的昆明湖可以划船，当然要分季节。颐和园门票不贵旺季也不过三十元而已，不过里面一些景点是需要单独购票的比如佛香阁、苏州街、文昌苑等等，您可以看看是不是要购买划算的套票。交通您做地铁四号线抵达北宫门下车就可以了，需要往里面走一段，这里真的很大建议您携带一些饮水和吃的，午间十分可以坐在长廊中看着风景吃点东西。
http://lvyou.baidu.com/yiheyuan/remark/?rn=15&pn=0&style=hot,蛋挞悦公主,有用(22),颐和园,2015-05-30 19:03,回复(69),去 的时候是坐地铁四号线在北宫门下车，D口出来后沿路步行到的，颐和园以 湖、万寿山为基址，汲取江南园林的设计手法而建，是我国现存规模最大，保存最完整的皇家园林。颐和园门票30块，租语音讲解20，押金100元。颐和园很大，细看要一天，我选择半日游，基本上都看了。进了北宫门，就是 街了，很有江南情调，接着就是爬佛香阁了，这里是颐和园的制高点，放眼昆明湖，游船点点煞是好看，从佛香阁下来顺着长廊（国内最长的游廊，雕梁画栋，特别漂亮）就到了画舫，在这儿可以坐船游昆明湖，到南华岛下船，然后走十七孔桥，看看大铁牛，接着顺着湖岸走，看看文昌阁，仁寿殿，从东宫门出来。颐和园离圆明园很近，可以一起游玩。
http://lvyou.baidu.com/yiheyuan/remark/?rn=15&pn=0&style=hot,蛋挞悦公主,有用(37),颐和园,2015-06-03 18:47,回复(54),原是清朝帝王的行宫和花园，前身为清漪园，后被慈禧太后挪用海军经费重建为颐和园， 旅游的必去之地。乘地铁四号线北宫门站下车即到，推荐提前一站在西苑下车，经由同庆街西行到颐和园东宫门，此为正门，非常漂亮大气，匾额“颐和园”为光绪帝亲书。自驾的话推荐到新建宫门，那停车位最多。北门进入的话要从四大部洲上山下山，非常耗费体力。园内门票30元很亲民，70岁以上老人才能买半票， 街、佛香阁等要单买门票。几个宫门都能租到电子语音导游机，但旺季时游人太多太吵，导游机意义不大。颐和园太大，半天时间连一半都走不完，若逛得久点要多带点干粮，园内知春亭、排云殿东九间和石丈亭均有快餐亭，旺季人超多，排队太久。
http://lvyou.baidu.com/yiheyuan/remark/?rn=15&pn=0&style=hot,蛋挞悦公主,有用(28),颐和园,2015-01-12 16:59,回复(51),原是清朝帝王的行宫和花园，以 湖、万寿山为基址，汲取江南园林的设计手法而建，是我国现存规模最大，保存最完整的皇家园林，被誉为“皇家园林博物馆”。颐和园规模宏大，其中佛香阁、长廊、石舫、 街、十七孔桥等皆为家喻户晓的代表性建筑，也是游览颐和园不可错过的地方。游览颐和园，除了参观金碧辉煌的殿堂建筑，乘坐景区内的游船，泛舟昆明湖上，既轻松惬意，又不误观光赏景。颐和园面积较大，完整的游览完至少要4-5个小时。园内共有三个快餐亭，分别位于知春亭、排云殿东九间和石丈亭处，主要经营日常饭菜和面食，价格相对来说还算公道。逛得累了饿了，可以坐下来补充下能量，是个不错的选择。
http://lvyou.baidu.com/yiheyuan/remark/?rn=15&pn=0&style=hot,蛋挞悦公主,有用(37),颐和园,2015-06-04 10:29,回复(49),五一的时候去的，非常棒！正赶上行程先去的动物园，买门票的时候有两种票，直接买带去 桥票的。一路坐船到的颐和园 ，景色非常漂亮！船上还有导游会讲解沿路的故事……路程大约1个小时，中间需要换乘下，不过不远，需要走个5分钟左右吧。可以在船上直接买到颐和园的门票，学生证也好使。到了就可以直接进园了！非常方便。一路延湖边走，可以观赏静静的美景。大约20分钟就到十七孔桥了，由于时间有点晚了就没上桥去南湖岛，直接往右边走，坐船直接到佛香阁，船票也不贵，单程10块还是20来着。然后就可以在古香古气的长廊上走走啦，真的会很诧异这需要多少人力物力！
http://lvyou.baidu.com/yiheyuan/remark/?rn=15&pn=0&style=hot,蛋挞悦公主,有用(71),颐和园,2014-03-04 22:13,回复(169),"是 清朝时期皇家园林。那里面的环境肯定是不用说的。里面是真心大啊，环境也相当的好，特别适合来这里散步，湖里的鱼清晰可见，是不是还能看到小鸭子在水里嬉戏呢，远处的小船自在的划着，这感觉真自在。我们去的时候正赶上大黄鸭，所以人比较多。建议大家在淡季来，人比较少。
这里学生，残疾，军人都是半价。年票刷卡直接进。不过里面有的景点是要单收费的。大家要是没什么特别的可以不去，建议是沿着湖走，这样就可以转一大圈，基本上都能欣赏到了"
http://lvyou.baidu.com/yiheyuan/remark/?rn=15&pn=0&style=hot,蛋挞悦公主,有用(77),颐和园,2014-04-07 00:11,回复(166),三月堂前玉兰，四月西堤赏柳，五月湖上泛舟，六月里接天莲叶，腊月间皑皑白雪。个人认为联票没有必要，买了门票后，就可以上十七孔桥，到南湖岛，逛西堤。万寿山看排云殿要多给10元，不过山上可以一览 湖全景。从山的北面下去是一片藏传佛教建筑，再向北就到了 街。晚一点的时候很有感觉，茶楼小桥商铺仿佛就是曾经留存下来的，和着夕阳，无限遐想。出了苏州街，就可以到北宫门坐地铁或者公交了。 有手划式，脚踏式，机动式和雕梁画栋式的船。脚踏的比较划算，平均1人1小时10元（不过要先交押金，这种船只能在昆明湖上划，西堤的桥洞堵上了过不去）想要近距离看荷花恐怕就得选择雕梁画栋了，30元一个人，一般人齐了再开船。
http://lvyou.baidu.com/yiheyuan/remark/?rn=15&pn=0&style=hot,蛋挞悦公主,有用(51),颐和园,2015-03-15 22:28,回复(66),冬天去的，人也不少。淡季20元，旺季30元，有学生证可以半价。湖很大，走一圈需要1个多小时将近2小时，不休息的话。冬天结冰后有在上面溜冰的，但是靠阳的地方水没结冰。主要景点十七孔桥，万寿山，佛香阁， 街等。个人觉得用不着联票。
http://lvyou.baidu.com/yiheyuan/remark/?rn=15&pn=0&style=hot,蛋挞悦公主,有用(66),颐和园,2014-04-20 13:47,回复(144),当时坐地铁在4号线【北宫门】下车，买票进去了，我们带了学生证门票好像是10块吧，不包括其他单独收费的景点。出来的时候就在【东宫门】出来坐公交车，有很多路车都是去 的。我觉得我们现在能看到那么美的 ，多亏了慈禧啊，在晚清被毁的时候，是慈禧动用巨额重修了才不至于像现在的圆明园那样啊。
http://lvyou.baidu.com/yiheyuan/remark/?rn=15&pn=0&style=hot,蛋挞悦公主,有用(35),颐和园,2015-11-16 17:20,回复(16),我在清早6:30开园前就到了，坐地铁4号线在北宫门下，离地铁口300米是北宫门，1200米是东宫门(正门)。去 旅游如果想没有死角的话时间的两天。一天绕着 湖，一天去后面的万寿山。如果没有导游，一定要租个解说器，很便宜的，20元使用费，50元押金。到了那个地方就开始讲解，内容，典故，年代都有。真心不错。记得一定要去昆明湖上划船噢，电动，脚动的都好，小孩子也可以划的那种。120元一小时，也可以半小时回来。不要去座那种大船，去什么动物园还是 的么意思，几分钟就回来了。周围没有美景。还老贵了一个人6.7十，要么是单程40。划船转一圈，回到原点还了。再绕湖走感受一下陆上看景。还想去看。
http://lvyou.baidu.com/yiheyuan/remark/?rn=15&pn=0&style=hot,蛋挞悦公主,有用(0),颐和园,2016-04-26 12:03,回复(0),前往中国现存规模最大、保存最完整的皇家园林——颐和园。这是利用昆明湖、万寿山为基址，以 西湖风景为蓝本，汲取江南园林的某些设计手法和意境而建成的一座大型天然山水园，也是保存得最完整的一座皇家行宫御苑，被誉为皇家园林博物馆。这里有列入“吉尼斯世界纪录”最长的画廊，一万四千余幅画作取材于名著或江南实景，我和老妈边走边看：这是杭州！这像 ！那个是 ……。
http://lvyou.baidu.com/yiheyuan/remark/?rn=15&pn=0&style=hot,蛋挞悦公主,有用(2),颐和园,2016-03-28 18:00,回复(1),【门票价格】1．门票30元/张（旺季）20元/张（淡季）2．半价票15元/张(旺季学生票)10元/张（淡季学生票）3．联票60元/张（旺季）40元/张（淡季）4．园中园门票（不分淡旺季，购买联票者不用再买票）：佛香阁10元； 街10元； 院20元；德和园5元。
http://lvyou.baidu.com/yiheyuan/remark/?rn=15&pn=0&style=hot,蛋挞悦公主,有用(13),颐和园,2015-01-11 12:03,回复(29),"有山有水有历史有氛围有感觉有情调。。。
初冬的 湖畔，静静地坐在十七孔桥一旁的长椅上看日落，不用说话，就这样静静地看着，有种穿越历史的感觉。
和毕业后就一直没见面的好友相聚在昆明湖畔，这种感觉太棒了。
这种地方不适合跟团不适合组团，只适合自己或者约一名好友。 
想起湖心亭看雪。。"
http://lvyou.baidu.com/yiheyuan/remark/?rn=15&pn=0&style=hot,蛋挞悦公主,有用(8),颐和园,2015-12-22 20:01,回复(8),，这个去过次数最多的公园，总共去了不下二十次，每次去都会有不同的发现，不同过的感受，不同的心情。乾隆十五年（1750年），乾隆皇帝以万寿山、 湖为基址，以 西湖为蓝本，修建了清漪园，为母祝寿。咸丰十年（1860年），清漪园被英法联军焚毁。光绪十四年（1888年）由慈禧太后主张重建，改称颐和园，作消夏游乐地。光绪二十六年（1900年），颐和园又遭“八国联军”的破坏，珍宝被劫掠一空，1902年重新修复。
http://lvyou.baidu.com/yiheyuan/remark/?rn=15&pn=0&style=hot,蛋挞悦公主,有用(0),颐和园,2015-12-22 20:10,回复(2),听鹂馆作为中华老字号的听鹂馆，是全国仅有的几家经营“满汉全席”的饭庄之一。它曾经作为慈禧看戏的场所，现在依然保持着当年的富丽堂皇，最著名的万寿厅先后接待过一百多位外国元首。它位于举世闻名的皇家行宫颐和园内，坐落在万寿 麓，前隔长廊，面临碧波荡漾的 湖，背靠万寿山上著名的“画中游”，四周翠竹掩映，景色宜人。因借黄鹂鸟的叫声比喻音乐之优。
http://lvyou.baidu.com/beijingdongwuyuan/remark/?rn=15&pn=0&style=hot,蛋挞悦公主,有用(2),,2016-04-02 21:29,回复(3),动物园是 最大，最早，品种最多的动物园，位于西直门。动物园门票很便宜，性价比很高（企鹅馆和海洋馆另收费）。园内有大熊猫，金丝猴等数百种动物，绿树成荫，环境很好，就是太老旧了，动物死气沉沉，瘦的奄奄一息。可沿环形游览，大概5个小时，四季皆宜（人都不太多，门票就差5元）。对面有动物园服装批发城，不过现在已经陆续搬走。动物园也要搬家了，抓紧去吧。
http://lvyou.baidu.com/beijingdongwuyuan/remark/?rn=15&pn=0&style=hot,蛋挞悦公主,有用(73),,2015-02-10 19:25,回复(69),动物园是 最大的动物园之一（特指占地面积，注意北京寸土寸金啊），是中国开放最早、饲养展出动物种类最多的动物园（这个可没有之一，就是第一）！我们如果把它和各地新建成的动植物园相比，当然在基础设施方面显得旧一些，不过它有部分动物是国家领导人出访，外国赠的！综上，就得出了第一个实用建议：想要看到最多种类动物的，来这里会很好；第二就是它超高的性价比，淡季10元、旺季15元（非联票）； 第三，就是它对面的“动批”，天皓成已经开始搬迁啦，其他的服装批发市场也要陆续搬迁，现在可是有真实的“搬迁甩货”，再过一段时间要再想买“动物园外单货”就得跑 啦，或者只能淘宝啦……
http://lvyou.baidu.com/beijingdongwuyuan/remark/?rn=15&pn=0&style=hot,蛋挞悦公主,有用(11),,2015-11-23 21:30,回复(23),周末可以领着孩子到这里看看动物，也让孩子更多学习知识，和了解动物。来 旅游的朋友一般也会来的，这里动物品种多。了解更多，挨着还可以去海洋馆，熊猫馆，还可以做龙舟直接去 ～动物园对面还有购物的地方，衣服品种也多。
http://lvyou.baidu.com/beijingdongwuyuan/remark/?rn=15&pn=0&style=hot,蛋挞悦公主,有用(3),,2016-03-28 17:48,回复(4),动物园位于北京西城区，是 最大的城市动物园。明代为皇家庄园，清初改为皇亲、勋臣傅恒三子福康安贝子的私人园邸，俗称三贝子花园。东部叫乐善园，西部叫 。清光绪三十二年（1906年），可园和乐善园合并，建立农事试验场。因饲养有大量动物，故有“万牲园”之称。
http://lvyou.baidu.com/beijingdongwuyuan/remark/?rn=15&pn=0&style=hot,蛋挞悦公主,有用(4),,2015-07-07 19:02,回复(9),动物园是国内开放最早，饲养动物最多的动物园之一，位于西城区西直门外，面积较大，带小孩来京游览一定不要错过这。展出珍稀野生动物约500种，5000余只，许多国家及知名人士赠送给政府和人民的礼品动物都在这饲养展出。旺季开放时间是7:30至18:00，淡季提前1小时闭园。 门票旺季15元，淡季10元，推荐购买含熊猫馆的联票，每张只多5元。动物园内还建有 ，门票165元超贵，根据时间选择性游览，要去的推荐网上预定。乘坐7、15、27、105、111等路公交至动物园站下车即到，我住的新街口那边就有直达动物园的公交。动物园东边挨着北京展览馆，后面是展览馆剧场，经常有明星在此开演唱会。
http://lvyou.baidu.com/beijingdongwuyuan/remark/?rn=15&pn=0&style=hot,蛋挞悦公主,有用(0),,2016-04-19 12:30,回复(0),北京动物园位于北京市西城区西直门外大街，东邻北京展览馆和莫斯科餐厅，占地面积约86公顷，水面8.6公顷。始建于清光绪三十二年（1906年），是中国开放最早、饲养展出动物种类最多的动物园，是中国对公众开放最早的动物园和华北地区对公众开放最早的公园。据考此地也是中国现代动物园、植物园、博物馆的发祥地。是中国最大的动物园之一，也是一所世界知名的动物园。
http://lvyou.baidu.com/beijingdongwuyuan/remark/?rn=15&pn=0&style=hot,蛋挞悦公主,有用(0),,2016-04-19 12:30,回复(0),园内有小溪湖沼、假山曲径、绿林繁花以及儿童游乐园、动物活动场等。北京动物园动物各种动物都有专门的馆舍，如犀牛馆、河马馆、狮虎山、熊山、猴山、鹿苑、象房、羚羊馆、长颈鹿馆、熊猫馆、海兽馆、猩猩馆、两栖爬虫馆、鸣禽馆、小动物园等。给我印象最深的是熊猫馆和熊山．大熊猫，体色为黑白两色，它有着圆圆的脸颊，大大的黑眼圈，胖嘟嘟的身体，标志性的内八字的行走方式，特别可爱。大熊猫已在地球上生存了至少800万年，被誉为“活化石”是我国的国宝.当年长春的动物园里是没有熊猫的，全国也只有几个大的动物园里有，而北京动物园就是其中之一
http://lvyou.baidu.com/beijingdongwuyuan/remark/?rn=15&pn=0&style=hot,蛋挞悦公主,有用(0),,2016-04-19 12:30,回复(0),以前还以为羊驼是什么新鲜玩意儿，原来北京动物园就有，已经过了看狮子老虎大熊猫的年龄，进了园就直奔非洲动物区，眼见为实，这个动物被人叫草泥马真是不能怪谁的，这一头草一身泥呀，不过还是挡不住一副萌萌的面孔和暴牙，和别的地方比起来，北京这动物园真是很大，只是动物大多被圈养的没了生气。
http://lvyou.baidu.com/beijingdongwuyuan/remark/?rn=15&pn=0&style=hot,蛋挞悦公主,有用(0),,2016-03-28 19:14,回复(1),动物园：从清光绪三十二年（1906年）至今已有逾百年的历史。目前饲养展览动物450余种4500多只；海洋鱼类及海洋生物500余种10000多尾。你懂的…… 不过园里绿化很不错，走起来人也轻松。跟着路标逛吧，最好提前看看地图，规划一下想要看的动物和线路，避免走回头路。个人觉得熊猫馆里的熊猫和旁边的孔雀不错。
http://lvyou.baidu.com/beijingdongwuyuan/remark/?rn=15&pn=0&style=hot,蛋挞悦公主,有用(1),,2014-10-05 10:23,回复(8),新猴山建立的很好，可是围栏用玻璃，里面没有挂网，亲眼看着猴子从上面网爬到玻璃上打滑，从3、4米的地方直接摔倒地上。设计这个围栏的人2，饲养员也不心疼猴子么？拉几个绳子也好啊。动物一个个怎么都饿成那样了？动物园不爱动物，这就是我的感觉。不想让儿子看到那些不快乐的，瘦巴巴的动物。被摔的猴子。
http://lvyou.baidu.com/beijingdongwuyuan/remark/?rn=15&pn=0&style=hot,蛋挞悦公主,有用(0),,2016-03-28 19:11,回复(0),动物园始建于1906年，在西直门外乐善园、继园和广善寺、 寺“两园、两寺”旧址上的清“农事试验场”内，由商部奉旨筹建。园内由动物园、植物园、农事试验三部分组成。最早的动物园位于园内东侧，占地1.5公顷，是 对公众开放最早的动物园和华北地区对公众开放最早的公园。据考此地也是中国现代动物园、植物园、博物馆的发祥地。
http://lvyou.baidu.com/beijingdongwuyuan/remark/?rn=15&pn=0&style=hot,蛋挞悦公主,有用(0),,2016-03-28 18:41,回复(0),我们去的比较早，7点半就进园了，熊猫馆要8点才开，所以先看别的地方了。可能是去的太早了，好多动物都不出来，躲在洞里。整体看来，还是鸟类勤劳，早早的就出来了。来动物园之前，是很期待的。来过之后，发现动物并没有电视里的状态好，因为动物没周末没法定假日，太辛苦了，不会以最好的状态出来见你的。而且 动物园在整修，好多馆的动物临时挪到外面了，不能进馆参观。有的笼子空着，最可气的是，我来之前，别人跟我说 有金刚猩猩，我满怀期待的来了，可我没看到他，还有树懒，冰河世纪里我最喜欢的Sid，你在哪里啊？？？
http://lvyou.baidu.com/beijingdongwuyuan/remark/?rn=15&pn=0&style=hot,蛋挞悦公主,有用(0),,2016-03-28 18:35,回复(0),第二个目标是企鹅馆。岂有此理，又要买票，又是10元。顺便说说 动物园的门票虽然旺季门票只要15，但是里面很多馆都要再买票的，其中最值得一看的海洋馆是世界内陆最大的 ，内有千余种观赏鱼长住馆内，此外海洋馆还有精彩的海豚、鲸鱼表演。门票：100元（学生票50元）。不过我们都没有去，还有小宠物馆也要10元门票。
http://lvyou.baidu.com/beijingdongwuyuan/remark/?rn=15&pn=0&style=hot,蛋挞悦公主,有用(0),,2016-03-28 18:30,回复(0),动物园科普馆占地面积4500平方米，展示面积5500平方米，是屹今为止全球动物园中规模最大的科普建筑。它肩负着科普工作者的期望，凝结着科普工作者的心血，对 的动物科普知识的普及工作向纵深发展有所裨益。
http://lvyou.baidu.com/beijingdongwuyuan/remark/?rn=15&pn=0&style=hot,蛋挞悦公主,有用(0),,2016-03-28 17:29,回复(0),首先是门票，关于这个我必须向 旅游局投诉。北京的其他景点都是套票和门票同时出售的， 上面也有标明，可是售票窗口一问却只售套票，这不是强买强卖吗？事实证明，套票上有些景点的确不太值得去看，比如熊猫馆。。。  熊猫真心可怜，一个在这么大的房间里，不是睡觉就是发呆，看了之后就后悔了。
http://lvyou.baidu.com/qinghuadaxue/remark/?rn=15&pn=0&style=hot,蛋挞悦公主,有用(26),清华大学,2014-09-18 23:20,回复(84),"清华校园内有公共汽车，还有专门做校园游生意的出租车，非常便利；但是游览清华最好的方式还是骑自行车，一骑单车，想走便走，想停便停——这也是清华学子最普遍的校园交通方式1.清华南门有租自行车的地方，2元/小时； 西门(距 100米)内门卫室也出租自行车，每小时租金1元，押金100元。

　　2.在清华，几乎每个大的岔路口都有明显的指路牌，还附有简单的地图，非常方便。
3.校内公共车运行时间7:30-11:30;14:00-19:30
　车次间隔15分钟,1元/人运行路线：西校门-停车场-二校门-汽车楼-开发楼-南校门-西主楼-东操场-十饭厅-图书馆-理学院-校医院-西校门"
http://lvyou.baidu.com/qinghuadaxue/remark/?rn=15&pn=0&style=hot,蛋挞悦公主,有用(19),清华大学,2015-04-09 00:58,回复(35),去了 ，才后悔自己当年为啥没好好学习考这呢，不过学得再好估计也难考上。校园是皇家园林改建的，环境非常优美，毗邻 ，可先参观了圆明园遗址后再到清华，建筑大多中西合璧，显得高贵典雅，一个系就是一栋楼，校园很大，步行转完超费时，校门外有租借自行车的，推荐骑自行车慢慢转，校园道路很宽敞，到景点后再停下来游览。清华的经典建筑和风景都在从西门到 沿线一带，一般从这两个门进或出，最好买张校内地图，带小孩参观时可提前一天联络校园讲解中心预约讲解员，很多是校园学生，超有感染力，建议课余时间来，比较好进校园，旺季的话乘地铁早点去，以免排队浪费时间。
http://lvyou.baidu.com/qinghuadaxue/remark/?rn=15&pn=0&style=hot,蛋挞悦公主,有用(9),清华大学,2015-05-09 12:58,回复(13),清华大学，中国最大的大学之一，是大多数学子心目中的圣地，如我。清华大学位于 他的校园非常的大和美，清华的创建依托的是 退换的庚子赔款，一开始的时候叫做学堂，是清政府的留美预备学校，看成历史悠久。清华大学也经历过很多的沉沉浮浮，在抗日战争和国内军阀混战的时期，还迁至 过，且更名为国立西南联合大学，建国以后才回到清华园。进入清华大学不知道是不是有要求的，我们在清华大学门口徘徊的时候被一个好心的大妈带进去了，人品很好。进入之后，感觉清华大学的校园确实很美丽，那天天气也是很不错，难得一见的蓝天，在清华园的著名校门前不断地有人在拍游客照，我们也去拍了一些。
http://lvyou.baidu.com/qinghuadaxue/remark/?rn=15&pn=0&style=hot,蛋挞悦公主,有用(0),清华大学,2016-03-28 16:30,回复(1),两点多，我们又来到 的校门口，向保安询问是否可以进去参观。保安指着校门一侧的围栏，告诉我们登记身份证就可以进去了。也许是上午走得太累，儿子的情绪并不高，我们边走边向他解释来这里参观的理由， 顶级的大学，百闻不如一见，亲身感受一下校园的氛围，这所大学走出了多少大师呀：梁思成、朱自清、钱钟书、王国维、季羡林……这些大师将来你都要去学习和了解他们的作品，我们应该看看培养出大师级的学校是什么样嘛！左比喻右引用的，走到二校门的时候儿子终于不再发牢骚，心情转也多云转晴了！刚进校门，路边两排整齐的大树，夏天树荫会遮盖整个路面吧。
http://lvyou.baidu.com/qinghuadaxue/remark/?rn=15&pn=0&style=hot,蛋挞悦公主,有用(24),清华大学,2014-10-29 09:41,回复(44),名字大而己。做地铁到北大下车，往回走就到了。暑假时周六周日开门，人多得不得了。必须早去，否则你排队就要排一到两个小时。浪费这时间真不值得。参观过清华不一定就考上清华。再说了，南大，浙大，那个不比清华强，没有必要迷信参观清华会带来好运。而且学校门口有许多人会让你花三十元钱租一辆自行车带你入学院。太坑人了。 天下很多名校，根本就是随便出入。只有北大和清华，顾弄玄虚。
http://lvyou.baidu.com/qinghuadaxue/remark/?rn=15&pn=0&style=hot,蛋挞悦公主,有用(0),清华大学,2016-04-19 12:21,回复(0),体息好了就出发去清华大学，东南门是清华的正门。清华正式接受游客的是西门，但要排队。从正门不一定给进，要看人品了。我们是打算从正门进，西门出。因为西门比较靠近我们的下一个景点园明园。我们进清华大学大概是13：30分，出是15：10。
http://lvyou.baidu.com/qinghuadaxue/remark/?rn=15&pn=0&style=hot,蛋挞悦公主,有用(1),清华大学,2015-10-01 09:43,回复(9),"在这里我就不想说清华多么多么好或是多么多么不好，我只说点现实的情况吧，我们去的时候是周中，门卫说周末才能进，我就想着那就不进了呗，结果老妈说来了就去一下，这时不知从哪里出来几个人说：大姐呀！30元钱我送你们进去,结果花了20元，那个骑摩的把我们先后送进去，最后才知道就是清华的另外一个门，离正门也就一两站路的感觉。好吧，事已至此就这样了，进去后不知道是方向不对还是怎么的，看到的都是一栋栋的破家属楼，转的人很没有心情，就准备往外走了，但是心有不甘，印象中不是清华有一些标志性的建筑吗，就在我们准备离开的时候，我拉住了一个学生问她，她热心的告诉我要怎么走，结果走啊走，终于看到了想看到的......"
http://lvyou.baidu.com/qinghuadaxue/remark/?rn=15&pn=0&style=hot,蛋挞悦公主,有用(0),清华大学,2015-04-22 19:28,回复(1),"建立在皇家庭园近春园遗址, 没有被八国联军焚毁, 周末开放给外人入校参观, 建议租台自行车, 可以很放松的去作一天的山寨文青. (地铁4号线 大学 站往东步行大约500公尺).  我不是周末去的, 本来想从西南门步行进入, 但是被警卫拦下不让入, 要我走去西门, 其实西门也是不让入的.  在西门附近找到了一家租自行车的($20不限时, $200押金), 租车大婶要我骑回去从西南门进入, 把照相机放进包包里, 装着像学生, 厚脸皮一些别理会警卫可以闯进去的, 结果真的像大婶说的, 没理会警卫就给骑了进去, 没有被拦."
http://lvyou.baidu.com/qinghuadaxue/remark/?rn=15&pn=0&style=hot,蛋挞悦公主,有用(0),清华大学,2016-03-10 21:03,回复(1),据说 大学是全国文科里最高的学府，那么 的理科在国内就首屈一指。清华大学的校训就是厚德载物，自强不息。多少年来清华大学的教师和学子们都铭记着校训，在探索知识，科技研发方面都取得了累累硕果。走在清华校园内部，感觉到的是紧张严肃。但是也催人奋进，学知识就是需要种这样的力量鼓舞着才能勇攀高峰。
http://lvyou.baidu.com/qinghuadaxue/remark/?rn=15&pn=0&style=hot,蛋挞悦公主,有用(0),清华大学,2016-03-28 19:11,回复(0),参观了 之后，我们去转了转中关村电子一条街。这里给我的印象就是大一点的电脑城。从中关村到 理工的路上经过好几个研究所，也看到了路旁立的“赛迪计算机”字幕招牌，特亲切的。以前觉得 的研究所算多的了，到北京才发现，四处都是研究所。本来要去北大的，因为时间不够就没去。­
http://lvyou.baidu.com/qinghuadaxue/remark/?rn=15&pn=0&style=hot,蛋挞悦公主,有用(0),清华大学,2016-03-28 19:08,回复(0),我们第一个要参观的大学就是 语言大学。这个学校不是很大，我们用了一个小时不到就基本参观完了。之后就是去 。清华大学除了是国内有名的高等学院外，它还以它占地面积大闻名。我们在它的校门口租了一辆自行车，然后就开始接下来的旅行。道路两旁的古树参天，在头顶上方形成天然的屏障，阻挡强烈的阳光。草坪上，一堆堆的学生在那讨论一些学术问题或聊天南地北的趣事，或在为将来的飞机模型大赛对自己的模型进行试验改造……学校真够大的，我们骑了好久才勉强粗略的逛了一圈，一些比较偏远的就没去看了。我梦想中的大学就是这样的，被这种悠久的历史环境和深厚的学术氛围包围着。
http://lvyou.baidu.com/qinghuadaxue/remark/?rn=15&pn=0&style=hot,蛋挞悦公主,有用(0),清华大学,2016-03-28 19:04,回复(0),不愧为全国最好的学府，从西门走到紫荆楼大约就要四十分钟。估计清华校内生意最好的就是卖自行车与修自行车了，清华学子基本上人手一部自行车，这也刚好符合当下低碳环保的概念。我们就住在紫荆楼的429房，是一个单人间，比之前我们订的酒店干净、舒适还要便宜，170元住一晚。晚上老公的同学（清华博士）请我们到桃李园吃的晚饭。三个人七个菜四瓶啤酒130元，只能说吃在清华必须便宜。
http://lvyou.baidu.com/qinghuadaxue/remark/?rn=15&pn=0&style=hot,蛋挞悦公主,有用(0),清华大学,2016-03-28 16:43,回复(0),这里要提醒大家， 经常会封校，除非校内师生出来接可能会进不去哦，但是大部分时间都是可以对外开放的，这得看运气了哦。进门后很多地方都有校园地图，还有班车（非师生2元/人），如果纯靠走路，估计得一整个上午，大家可得鼓足劲哦！
http://lvyou.baidu.com/qinghuadaxue/remark/?rn=15&pn=0&style=hot,蛋挞悦公主,有用(0),清华大学,2016-03-10 14:16,回复(1),水木清华，这是我心中的一个情节，第一次进去时感叹于一个学校居然可以有这么大，足足让我逛了一整天。清华的氛围让每一处建筑，每一颗植物都有了灵性。我去的时候是假期，学校的教室里还是人很多，看来清华学子是真的很刻苦。高晓松说，名牌大学是培养国之栋梁的地方，很高兴看到祖国的栋梁来自什么样的环境。最近几年去清华需要检查身份证了~~~~还要排好几个小时的队，高校应该是个教书育人的清静地方，现在却活生生的成了一个旅游景点，实属无奈，来这里旅游的多是带孩子的家长，可见家长们的用心良苦了。
http://lvyou.baidu.com/qinghuadaxue/remark/?rn=15&pn=0&style=hot,蛋挞悦公主,有用(0),清华大学,2015-12-23 15:41,回复(2),坐公交到 ，中间给在地大的高中同学打了个电话，以为他还在 ，叙叙旧，啰嗦了几句，然后拍了几张留作纪念，拍照时碰到四个女同志，想要我给她们在清华园下来张合影，哥果断答应，咔咔咔给搞定了，话说我那天好像给不少人拍过，这是为什么呢？清华只是走了走，感觉没有武大面积大，
http://lvyou.baidu.com/gugong/remark/?rn=15&pn=0&style=hot,蛋挞悦公主,有用(27),故宫,2015-06-13 13:34,回复(94),去 博物院是今年五月下旬的事儿，和老公两个人，没有涂防晒霜，回家后才发现阳光太刺把胳膊晒的蜕皮了（所以提醒切记夏天带防晒霜）。说说建筑，真的是很宏伟也很壮观。感觉进去了自己也成了小主，下午五点半的时候会“清场”了，和老公在故宫转了大半天。不是旺季，但是人山人海，想要单独和宏伟的建筑物拍上一张合影真的是好难， 没看到，留有遗憾。不过没去正好作为下次去玩儿的好理由！总之，还是感觉我帝都的霸气。建议下午去吧，因为下午的时候客流量相对会少一些。玩儿的很尽心，算是在这个“圈圈里”逛游的比较细的！
http://lvyou.baidu.com/gugong/remark/?rn=15&pn=0&style=hot,蛋挞悦公主,有用(70),故宫,2015-01-12 16:23,回复(123),大多数来 的游人，都会把 当作必去之处，尤其是第一次来北京的。游玩故宫主要有两个看点：一、建筑艺术；二、珍贵文物。故宫是 乃至世界上保存最完整，规模最大的木质结构古建筑群，被誉为世界五大宫之首。其中太和殿，即影视剧里常说的“金銮殿”，是整个皇宫的绝对中心，不可错过。故宫内珍藏有大量珍贵文物，分为多个展馆，其中尤以位于宁寿宫区域的珍宝馆和位于奉先殿的钟表馆最为引人注目，各种造型奇特独具匠心的珍奇机械钟表，不可错过。故宫游览路程较远，详细观赏的话可以要耗时半天甚至更多。在中轴线偏北侧的保和殿两侧的隆宗门和景远门有餐饮提供，另外，养心殿和坤宁门处有茶饮提供。但价格不是很亲民，可提前准备好干粮。
http://lvyou.baidu.com/gugong/remark/?rn=15&pn=0&style=hot,蛋挞悦公主,有用(70),故宫,2015-06-08 11:08,回复(124),建议留出一整天的时间哦！习惯了大都市，刚进去的时候会觉得就是那么回事儿吧~但是走着走着就越来越爱他！在入口处可以租一个自动讲解器，在出口还就可以！进去后会自动讲解，很不错。设定路线的时候一定要把珍品馆加进去~10块钱真的很值里面的宝贝每一样都让人惊诧！逛完后虽然很累但是一定去景山公园，只要10分钟就能爬到山顶，你会看到整个老 城、 全景，心旷神怡！这才算是把故宫逛完整了~下山出来门口就有拉脚车，为了感受真正老北京，虽然有点贵但是还是坐了趟！会讲解好多历史、文化…比如门当户对。然后会把你送到你想到的位置，我和老公去的 ，他就给我们送到护国寺小吃那~那的小吃非常正宗，吃饱喝足就便去逛后海啦~
http://lvyou.baidu.com/gugong/remark/?rn=15&pn=0&style=hot,蛋挞悦公主,有用(72),故宫,2015-02-10 00:55,回复(97),，又名紫禁城，是明清两代的皇宫。故宫我一共去过三次，其中有一次还是带着朋友们，却悲催的没有进去，因为它周一闭馆（后来查了一下，除法定节假日和暑期外，周一全天闭馆）。最佳旅游时间很难说，因为它冬夏都有好风景，个人建议是避开节假日（十一的时候上厕所很拥挤，队排的能让你受不了），当然最好再挑个好天气。线路方面，时间短的可以走走中轴线，时间充裕的可以在门口拿一本导游图（免费的），按照上面推荐的线路走（个人建议一定要多给故宫一些时间，因为它是 宫殿建筑群的王者，历史文化典故无数，游览时间安排短了一定是走马观花）。
http://lvyou.baidu.com/gugong/remark/?rn=15&pn=0&style=hot,蛋挞悦公主,有用(133),故宫,2014-03-04 21:59,回复(254),"当我踏进 的第一感觉就是宏伟，突然感觉自己特别渺小。我们去的那天是晴天，感觉天特别高，是不是有鸟从天上飞过，那感觉这是太好了。我们沿着中轴线走的。大概1个小时就参观完了，当我踏出故宫大门的时候仿佛是从古代穿越回现代，有些迷茫。
故宫票价是分淡季和旺季的，淡季40，旺季60，学生，残疾人，军人半价。还有就是周一是全天闭馆的。所以建议大家淡季去，价格便宜，人也少，可以好好的参观
因为要从午门进，但是一般坐公交都是到神武门的，建议大家做专线，坐一站下车，然后步行到午门
故宫距离天安门不远，在这两者之间有许多小店，也挺安静的，可以去逛一逛。故宫边上是中山公园，要是逛完故宫意犹未尽，还可以去中山逛一逛"
http://lvyou.baidu.com/gugong/remark/?rn=15&pn=0&style=hot,蛋挞悦公主,有用(65),故宫,2015-05-05 01:15,回复(105),，世界上现存规模最大的宫殿建筑群，国内最早一批列入世界遗产。无论淡旺季都是上午8点半开门，下午5点前清场。一定避开节假日去，游客永远不少，且只有一半面积开放，热门建筑如三大殿都不能进，隔栏观赏拥挤不堪，节假日建议提前网上订票，去时在取票机刷身份证取票，赶在开门时最早进入。最好别跟团，典型的走马观花，只会重点游览中线，爱好清史、古建的应安排1天深度游览，人少可以花20元租个语音讲解器，可以午门租，神武门还，免费存包也可在两地之间传送，非常贴心。珍宝馆、钟表馆是各自单独收费10元的景点，建议去珍宝馆。今年是故宫建院90年，据说有18项精品展览开展，还可上城墙参观角楼，去时可提前在官微上了解下。
http://lvyou.baidu.com/gugong/remark/?rn=15&pn=0&style=hot,蛋挞悦公主,有用(102),故宫,2014-06-14 23:57,回复(204),明清王庭，百年遗迹，是 最为著名的旅游景点。旺季门票60一人，带学生证、老年证都是20元。城墙10元一人，进端门不需要门票，然后就来到午门前（右侧是国旗班哦，没看到升旗的可以弥补一下）。 很好走，中轴线上是三大殿，内廷主建筑是乾清宫和坤宁宫，然后分东西六宫，御花园在西侧，内有假山、花木、流觞亭。西面还有养心殿、翊坤宫、储秀宫等大家耳熟能详的地点。东面有珍宝馆、钟表馆、 和珍妃井，需另交10元。一定要记得出口是神武门或者东华门，否则会绕很多路。神武门在最北，出去后就是景山，也有公交站；东华门出去后要走一段路，穿到南池子大街，还可以走回天安门。如果能赶上雪天或是晴天是最好。
http://lvyou.baidu.com/gugong/remark/?rn=15&pn=0&style=hot,蛋挞悦公主,有用(37),故宫,2015-05-09 12:21,回复(76),是我一定要去一次的地方。这次进入故宫一路惊喜都很多，从天安门进入基本没有遇见什么阻碍，进去之后一个大广场，右边就是国旗护卫队的在训练，超多人在围观，感觉确实非常棒。里面的景色都挺不错，只是我是周一去的，所以你们懂得，我没有进得去故宫，照片里面故宫大门紧闭的照片就是对我的嘲讽，哎，不该轻信网上的谣言啊。故宫周一闭馆，这是我用自身血泪史证明了的，所以去的童鞋一定要注意了。这次没看成故宫，下次我还回去的。
http://lvyou.baidu.com/gugong/remark/?rn=15&pn=0&style=hot,蛋挞悦公主,有用(115),故宫,2013-10-23 08:53,回复(259),门票60块，地方是好地方，为什么不好好整一上。很疑惑所有宫都不开门，只能看外景，这样看来建筑都差不多，大大降低了观赏性，只有一个殿开门，里面除了一把椅子，什么都没有。在花10块去珍宝馆还可以，有 、珍妃井，有一些古佛像什么的。
http://lvyou.baidu.com/gugong/remark/?rn=15&pn=0&style=hot,蛋挞悦公主,有用(35),故宫,2015-05-30 18:43,回复(90),不到 就等于没来 ，故宫是 乃至世界上保存最完整，规模最大的木质结构古建筑群，其整体分为外朝与内廷两部分。乾清门以南为外朝，以北为内廷，两部分的建筑气氛迥然不同。以太和殿，中和殿，保和殿为中心的外朝，是整个皇宫的中心。内廷以乾清宫，交泰殿，坤宁宫为中心，以及东西两侧的东，西六宫，是皇帝与后妃居住之所，也就是俗称的“三宫六院”，只是一般跟团的都不去左右两侧的东西六宫。故宫建议玩一天，才能细细品味皇家的风范，记得一定买包含珍宝馆和钟表馆的联票，这样才能看到除了宏大宫殿以外的馆藏精品。另外可以在入口租个语音讲解，只看是不会明白的。到故宫可以坐地铁1号线在“天安门东”站下车，从午门进入故宫。
http://lvyou.baidu.com/gugong/remark/?rn=15&pn=0&style=hot,蛋挞悦公主,有用(6),故宫,2016-04-20 15:46,回复(5),十几年前第一次进京，还没正式开始办事就坐了辆的士直奔 ，奔向我心目中的故宫——紫禁城，作为皇帝的宫殿和后花园我不得不说真的是几笔辉煌，高大雄伟，在这里见识了 古代帝皇的行宫，也见识了中国古人伟大的建设成就，来 甚至来中国故宫是一定要来参观的，故宫的游客非常的多，每天差不多都是好多万人，游览要安排好时间，票价当时是40元每人，行李可以在门口寄存，顺着中轴线向前游览，出门的时候是神武门，可以取行李。故宫有许多位置经常是关闭不对外开放，对于游客来说当然是有一些的遗憾，
http://lvyou.baidu.com/gugong/remark/?rn=15&pn=0&style=hot,蛋挞悦公主,有用(1),故宫,2016-03-28 18:35,回复(2),我们来到 的东路，那里有一座宁寿宫，曾经是乾隆皇帝当太上皇养老的地方。有各种宫殿，花园和戏楼等娱乐场所，现在这里最著名的要数皇极殿了，因为它已改造成珍宝陈列馆。我们进入珍宝馆前要穿一次性塑料鞋套，因为珍宝馆的地面也是用前面介绍的“金砖”铺成。在这里，我们看到了各种宝物。可能是由于金子在这里实在太常见了，除了1米多高，做工细腻的金发塔外，游客对其它金银制品没有感到惊讶。倒是对用各种玉石、珍稀木头制成的皇帝用玺，象牙编成的席子等稀罕物很感兴趣。在珍宝馆的后方，有一块大禹治水玉山尤其引人注意，这座玉山有两米多高，重达五千多公斤。做工精细，展现了大禹治水时的盛大景象，是我国现存的古代最大的玉器珍品。
http://lvyou.baidu.com/gugong/remark/?rn=15&pn=0&style=hot,蛋挞悦公主,有用(3),故宫,2015-03-08 21:15,回复(8),博物院建立于1925年10月10日，位于北京故宫紫禁城内，是在明朝、清朝两代皇宫及其收藏的基础上建立起来的 综合性博物馆，也是中国最大的古代文化艺术博物馆，其文物收藏主要来源于清代宫中旧藏，是第一批全国爱国主义教育示范基地。北京故宫博物院位于北京中轴线的中心，占地面积72万平方米，建筑面积约15万平方米；始建于1406年，1420年落成；藏品也主要是以明、清两代皇宫及其收藏为基础。故宫博物院是国家一级博物馆，2012年单日最高客流量突破18万人次，全年客流量突破1500万人次，可以说是世界上接待游客最繁忙的博物馆。
http://lvyou.baidu.com/gugong/remark/?rn=15&pn=0&style=hot,蛋挞悦公主,有用(0),故宫,2016-04-26 11:43,回复(0),是世界现存最大、最完整的木质结构的古建筑群。记得小时候无所谓哪个门进出，如今必须从午门进，神武门出。午门的讲究很多，它是由三面墙围成一个正方形的广场，正面三洞门，两旁各设一洞门。其中正中间的门只有皇上平日里可以走，皇后在新婚当日也可以走一次，再有就是殿试考中状元、榜眼、探花的三人可以走一次。难得来旅游，赶紧走中间，暗自当一回皇帝，嘿嘿。
http://lvyou.baidu.com/gugong/remark/?rn=15&pn=0&style=hot,蛋挞悦公主,有用(3),故宫,2016-03-28 17:48,回复(5),的正门，午门，意思是正午的太阳光芒四射。在10米高的城墙上耸立着五座崇楼，楼顶飞檐翅起，从上面看就象五只展翅欲飞的 ，故午门又称五凤楼。它建成于公元1420年，位于端门之北，雄伟壮观。午门的平面呈“U”字型，正楼高35.6米，门额上有“午门”二字。两厢尽头为钟、鼓楼。城门正面开三个门洞，中路供皇帝出入，东西两侧供皇室成员及文武大臣通行。在两侧的墙上，还开有两个掖门，即侧门，平时不开，唯有举行皇家考试时才开放。
http://lvyou.baidu.com/beijingdaxue/remark/?rn=15&pn=0&style=hot,蛋挞悦公主,有用(22),北京大学,2014-08-11 16:52,回复(64),在工作了两年之后，在去了不止两次的 大学之后，我毅然决然的报名 的成考，现在每次下课之后走在未名湖畔的时候真的庆幸自己选对了，这样的一个美丽的环境，感受到那种浓重的学习氛围，宁静而充实
http://lvyou.baidu.com/beijingdaxue/remark/?rn=15&pn=0&style=hot,蛋挞悦公主,有用(11),北京大学,2015-04-16 22:06,回复(28),"还是孩子的时候，家里人都说要好好学习，将来考清华北大，哈哈。果然不负众望，很顺利的上了本省的一个小二本。3月份去的北大，正直穿暖花开，下午很多学生，游客，附近居民来未名湖休息散步，边走边看，湖里的鱼，河边的落花，真是非常漂亮。突然的就开始怀念起学校生活，想再做回学生。哈哈。

交通的话地铁4号线 大学 下就到了，可以和 一起玩的。"
http://lvyou.baidu.com/beijingdaxue/remark/?rn=15&pn=0&style=hot,蛋挞悦公主,有用(3),北京大学,2016-03-28 16:44,回复(3),去完第一站后，第二站就是全国著名的高等学府， 大学，居然第一下就遇到了一个坎，居然还要规定在哪个门进去，而且居然还必须要身份证才能进去，顿时感觉非常囧。。。不过好在经过一顿折腾以后，终于进去了，不过发现 不亏为著名的学府啊，连地方都这么大，在里面行走，感觉走了好久好久，还没有走完，估计有人民大学2到3倍大吧，走着走着，都感觉自己有点迷路了，未名湖确实非常大啊
http://lvyou.baidu.com/beijingdaxue/remark/?rn=15&pn=0&style=hot,蛋挞悦公主,有用(2),北京大学,2015-05-31 08:29,回复(8),大学和 的景色完全不同，建筑风格也不同， 也就是北大，是个现代化的学堂，而清华属于复古的类型，不过都很美，无论是校内还是校外的景色，走在北大的校园，和朋友散散步，看看风景，这真是非常惬意的一件事，真的很开心，能去北京大学看看，北京大学的学生在我的印象中都是非常认真努力刻苦的那种学生，值得学习。
http://lvyou.baidu.com/beijingdaxue/remark/?rn=15&pn=0&style=hot,蛋挞悦公主,有用(0),北京大学,2016-04-19 12:31,回复(0),一号早起以后，坐公交车去四惠东地铁站，再倒车去玉泉路，到了丰台区的小仓西路，中午吃了一顿很爽的涮羊肉，下午两点返回玉泉路地铁站，坐到建国门入住，休息了一下坐地铁到了北京大学东门，心中有一种很崇敬的感觉。最高学府的学生，他们过的是一种怎样的生活，背着书包，骑着车子，探讨着未解开的学术问题，最后去了老校门，在那里拍了一张合影，然后去南站接陈伟和王佳。上次来北大的时候，还没有上高中，是07年的夏天，这一晃八年过去，等大学毕业以后才知道，自己这些年已经被名校的学生甩开一大截。
http://lvyou.baidu.com/beijingdaxue/remark/?rn=15&pn=0&style=hot,蛋挞悦公主,有用(0),北京大学,2016-04-19 12:30,回复(0),中途问问路拍拍照，到达北京大学西门用了30分钟左右，路上也遇到一些一同前往西门的人，西门刚映入眼帘的是古色古香的建筑以及灯饰，门下不时有行人推车而过，不是一般的违和。    门口一直有人在拍照，还看到一对在拍婚纱照的情侣，也许是从这所学府毕业的吧，在这儿留下自己在北京大学的记忆。
http://lvyou.baidu.com/beijingdaxue/remark/?rn=15&pn=0&style=hot,蛋挞悦公主,有用(0),北京大学,2016-04-19 12:30,回复(0),这里想与大家分享的是雪后的帝都，也就是前几天拍的，此次北京之行是我们在深圳报读的北京大学EMBA工商管理硕士课程结业，最后两天在北京大学校本部上课，然后举行结业典礼，所以趁着来趟帝都，就与同学们一起又逛了逛，北大校园、颐和园、清华园、水立方、鸟巢、天安門等地之前虽去过多次，却是第一次遇上下雪，所以也算别有风情。
http://lvyou.baidu.com/beijingdaxue/remark/?rn=15&pn=0&style=hot,蛋挞悦公主,有用(0),北京大学,2016-04-19 12:23,回复(0),未名湖，是北京大学校园内最大的人工湖，位于校园中北部。形状呈U形。湖南部有翻尾石鱼雕塑，中央有湖心岛，由桥与北岸相通。湖心岛的南端有一个石舫。湖南岸上有钟亭、临湖轩、花神庙和埃德加·斯诺墓，东岸有博雅塔。是北京大学的标志景观之一。据知情者说，它的名称是出自钱穆教授的灵感。它能以“未名”而扬名天下，却是因为那些曾在湖边散步、凝神的大师们，是他们自由、深邃而悠远的思想熏陶，让这湖水、这园林生出了一种独特的灵气。有一首诗曾一度在北大流行：未名湖是个海洋，诗人都藏在水底，灵魂们都是一条鱼，也会从水面跃起。
http://lvyou.baidu.com/beijingdaxue/remark/?rn=15&pn=0&style=hot,蛋挞悦公主,有用(0),北京大学,2016-03-06 16:44,回复(5),北大与清华临近，地铁四号线可以直达，需要注意的是，北大最著名的那个西门，就是古色古香那个，非本校生是进不去的。需要六点前从 刷二代身份证入内，但可以逛完后从那个西门出去，门外不远就有很多公交站牌。
http://lvyou.baidu.com/beijingdaxue/remark/?rn=15&pn=0&style=hot,蛋挞悦公主,有用(0),北京大学,2016-04-02 21:16,回复(1),大学在 附近，是全国学子梦寐以求的地方，有未名湖，博雅塔等名胜古迹，绿树成荫，山水交映。站在 的金匾时，在大讲堂前拍照时，心里很激动，期待成为这里的一份子。建议游览2小时，秋季最宜，可以租一个自行车，漫步校园，还可以品尝食堂香喷喷的饭菜，门口还售卖手绘地图，可以留作纪念。北京大学让我感到了书香沁脾。
http://lvyou.baidu.com/beijingdaxue/remark/?rn=15&pn=0&style=hot,蛋挞悦公主,有用(1),北京大学,2016-03-28 17:10,回复(0),除了景山本想去 的，看看夕阳的景色，但是怕到那来不及白跑一趟就先去了 大学，感受下学府气息，进门的时候很简单，登个记就行，进去了真是感叹，看人家的校园，有湖有塔，跟王府后花园似的，我们学校……哎……不提也罢
http://lvyou.baidu.com/beijingdaxue/remark/?rn=15&pn=0&style=hot,蛋挞悦公主,有用(0),北京大学,2016-03-28 19:02,回复(0),最让我敬佩的是他们坚忍不拔的精神。我们拜访的学校是 大学，他们在烈日炎炎下打棒球和垒球，而且都没有老师的督促，主动地练习，或许，对我们而言，都只是一群被宠坏的小孩，衣来伸手，饭来张口，但看到他们的柔道和剑术后，更加肯定了他们是一群能吃苦耐劳的人，在一个没有空调的屋子里，都把自己捂得严严实实的，好像都密不透风似的，但是他们却继续地练习。我想这一点是值的我们学习的。
http://lvyou.baidu.com/beijingdaxue/remark/?rn=15&pn=0&style=hot,蛋挞悦公主,有用(0),北京大学,2016-03-28 18:52,回复(0),校园里的树木长得挺好，典型的北方树木，跟家里的感觉很像，觉得十分熟悉。被虫咬了几个包，不舒服。不知道怎么走的，后来就从 大学的正门出来了。人好多，各种照相的，觉得北大的人不容易啊，每天都会这么多的人，对学习来说真是一种影响啊。我个人学习室不喜欢太嘈杂的环境，觉得大多数人都是这样的。如果每天在学校晃悠，发现身边都是游客，各种感觉，至少我是不太好的。难为北大人了。
http://lvyou.baidu.com/beijingdaxue/remark/?rn=15&pn=0&style=hot,蛋挞悦公主,有用(0),北京大学,2016-03-28 18:25,回复(0),地铁站在 大学 附近，但那个古老的校门在西面，穿过去后，我绕的是北面 地铁站，着实走了不少路。北大校园里我感觉游客比学生还多，不停的有人登记进学校参观，未名湖上好多人排队领取冰刀，各种滑冰，好欢乐~
http://lvyou.baidu.com/beijingdaxue/remark/?rn=15&pn=0&style=hot,蛋挞悦公主,有用(0),北京大学,2016-03-28 17:44,回复(0),大学的食堂是不让外来人员打饭的，只能用校园卡，清华还可以用临时卡北大没这规矩，更别提现金饭票了。。。九个LED大屏幕拼起来的电视，超整洁的饭桌，那饭香对于我这个吃货来说羡慕嫉妒恨呀！！！当然，价格也不是很大众化。。。。。
http://lvyou.baidu.com/xiangshan/remark/?rn=15&pn=0&style=hot,蛋挞悦公主,有用(33),香山,2014-04-15 14:41,回复(61),香山我差不多一个月就去爬一次。每个季节都有每个季节的美妙，我平常是下午去爬，这样可以赶上看日落，在俯视 城的同时，悠哉的欣赏日落，也不失为一种享受。香山作为离京城最近的一座山，绝对是锻炼身体和亲近大自然的绝好选择，有山有水有美景，而且门票便宜（10元噢）。无论是结伴还是独行都是惬意的领悟，坐车去的朋友在地铁4号线北宫门出，坐公交563直达。天气暖和了，出去走走，让我们的身心都活跃起来吧！\(^o^)/~
http://lvyou.baidu.com/xiangshan/remark/?rn=15&pn=0&style=hot,蛋挞悦公主,有用(58),香山,2014-03-12 00:21,回复(139),雪后的香山公园，银装素裹，难得一见的树挂独具风韵，又不失晶莹剔透之美。只是好景不长，太阳出来后不久树挂就开始成片下落，正应了“清晨看树挂，近午赏落花”的词句。再细心观察一下，干枯的树枝中已然可见一丝绿意，春天的脚步近了。
http://lvyou.baidu.com/xiangshan/remark/?rn=15&pn=0&style=hot,蛋挞悦公主,有用(5),香山,2015-06-24 15:08,回复(24),香山位于京城西北，主峰香炉峰（鬼见愁），海拔500多米，是京郊的最高峰。乾隆曾为香山提名“怡景园”，燕京八景中的“西山晴雪”，说的也是这里。除了看雪，香山更负盛名的就是红叶了。每年10-11月，满山枫叶层层叠叠，为深秋的 增添着不一样的热情和浪漫。届时香山会有枫叶标本出售，甚至可以将自己拾到的风景现场加工，价格便宜，又具特色，是来北京旅游性价比最高的纪念品之一。香山附近景点很多，而且比较分散，这里推荐一条比较合理的线路，南路： ――双清别墅――香山寺――森玉笏――平台――香炉峰。香山台阶很高，如果有老人，小孩下山时最好考虑做缆车。（50元，顺便能俯览美景）
http://lvyou.baidu.com/xiangshan/remark/?rn=15&pn=0&style=hot,蛋挞悦公主,有用(1),香山,2016-03-10 21:00,回复(0),本来想去香山公园看红叶，结果压根就没看着，但是香山公园风景还是很不错的，尤其是乾隆皇帝曾经对公园进行大规模扩建，建成大大小小的园林八十余处，并且钦题并赋诗二十八处，成为明噪京城的二十八景，可惜大多毁于战火，现在的建筑大多是民国时候建的。
http://lvyou.baidu.com/xiangshan/remark/?rn=15&pn=0&style=hot,蛋挞悦公主,有用(4),香山,2015-11-27 10:57,回复(5),我是10月24号去的， 到处都宣传香山红叶节10月15号就开始了，我们费劲千辛万苦四个小时到了香山，那人多的呀，可是一片红叶都没看见！这不是骗人吗！推荐大家不要去，赶上那时候人多得要死，坐缆车要排队两小时
http://lvyou.baidu.com/xiangshan/remark/?rn=15&pn=0&style=hot,蛋挞悦公主,有用(6),香山,2015-11-08 13:34,回复(6),今天的香山雾气腾腾，远处看的不是很清楚。叶子很多都黄了，红色的不是很多。山上还有积雪，拍一些糖水片还是比较合适的。
http://lvyou.baidu.com/xiangshan/remark/?rn=15&pn=0&style=hot,蛋挞悦公主,有用(4),香山,2015-10-13 11:57,回复(8),红叶节的时候最好别去，怎一个堵字了得， 很多地方都有红叶，推荐春夏之交去，山上的石板古路，很有感觉。
http://lvyou.baidu.com/xiangshan/remark/?rn=15&pn=0&style=hot,蛋挞悦公主,有用(1),香山,2016-03-20 23:16,回复(0),香山环境清幽，绿色植被众多。尤其秋天红叶盛开的时候漫山遍野的红色特别漂亮。来时候记得避开周末高峰。
http://lvyou.baidu.com/xiangshan/remark/?rn=15&pn=0&style=hot,蛋挞悦公主,有用(1),香山,2016-03-29 19:10,回复(0),我去的时候，时机不太对，叶子不是红色的。不过，爬山还是挺有趣的。虽然山不太高，但是对于平时不怎么运动的人来说，还是挺有难度的。
http://lvyou.baidu.com/xiangshan/remark/?rn=15&pn=0&style=hot,蛋挞悦公主,有用(0),香山,2016-04-09 20:35,回复(0),晨昏之际，云雾缭绕，远远望去，犹如炉中香烟袅袅上升，故名香炉山，简称香山。古时香山曾是杏花山，每年春季杏花开放，清香四溢。
http://lvyou.baidu.com/xiangshan/remark/?rn=15&pn=0&style=hot,蛋挞悦公主,有用(0),香山,2016-04-04 22:48,回复(0),这次景点是秋天去的，只在一个门口看到了红叶，一群人围着拍照。上山之后啥也没看见，除了人，山上所有地方都占满了人。哎
http://lvyou.baidu.com/xiangshan/remark/?rn=15&pn=0&style=hot,蛋挞悦公主,有用(2),香山,2016-02-10 14:50,回复(4),一直想去香山，源于照片和电视里满眼红叶，美的如此纯粹，当一种颜色如此纯粹，就会使人此生这样的震撼之感。。。。
http://lvyou.baidu.com/xiangshan/remark/?rn=15&pn=0&style=hot,蛋挞悦公主,有用(1),香山,2015-12-05 00:15,回复(3),非常不值得去，十一月前根本一片红叶也没有，而且去的路上堵死，不管自驾还是坐公交车，都要两小时才能到吧，公园里也是人山人海
http://lvyou.baidu.com/xiangshan/remark/?rn=15&pn=0&style=hot,蛋挞悦公主,有用(4),香山,2015-09-15 15:42,回复(4),又到啦登香山看红叶的日子，香山的秋很美，找天气好的时候登高望远很惬意，但是要避开十一这样的假日，会堵很久，上下山也要排队，人挨人的感受不美妙。
http://lvyou.baidu.com/xiangshan/remark/?rn=15&pn=0&style=hot,蛋挞悦公主,有用(0),香山,2014-03-03 15:59,回复(4),香山早已不是红叶红满天了，去过一次只有红叶区能看见点红，大部分都是被绿色植被覆盖了。周末三五好友爬爬山散散心还是不错的，如果是为了看红满天的景象还是不要期待了。
http://lvyou.baidu.com/gongwangfu/remark/?rn=15&pn=0&style=hot,蛋挞悦公主,有用(14),恭王府,2015-05-17 09:55,回复(17),乘坐地铁6号线，在北海北门站出B口往三座桥胡同前行5分钟左右，即到 ，恭王府是保存最完整的清代王府，分为府邸和福园两部分，学生的半价票是20元，自己一个人去的话，根本不用担心没人讲解，因为这里每天都会有大量的旅游团，在里面蹭团很容易，但导游一般不会走到两边的展厅，所以自己去的话，还是仔细逛逛，而“福”字碑是康熙的御笔，也是恭王府的镇府之宝，隐在洞中，即使排队也要去摸一摸，对于导游说的什么福字碑的拓本，信不信，看个人喽，
http://lvyou.baidu.com/gongwangfu/remark/?rn=15&pn=0&style=hot,蛋挞悦公主,有用(32),恭王府,2014-09-27 14:49,回复(43),，全国唯一开放的清代王府，门票40元，乘坐地铁六号线在北海北站下车走B口，北走（顺着北上人群走），恭王府的人气很旺，旅游团基本没有停过，如果之前没有进行了解的话，你会发现全程下来除了看人之外好像也没有什么似得。恭王府曾经为大贪官和珅的府邸，规格级别占地都超出了当时的规制，后来清朝咸丰皇帝将此宅赐予其弟恭亲王奕忻。所以又叫恭王府，恭王府的后花园很大，感觉是最美的地方，水榭，池塘，花园，古建筑隐没在层层的假山，树林背后，很有感觉，去假山看福字的人很多，感觉如果人少点就太好了，全国最大的室内戏台也在恭王府，需要另行购票。推荐，（不喜欢人多的朋友可以早点来，避开人群）。
http://lvyou.baidu.com/gongwangfu/remark/?rn=15&pn=0&style=hot,蛋挞悦公主,有用(16),恭王府,2015-04-10 00:08,回复(24),是保存最完整的清代王府，是感受王府文化的最佳地，分为府邸和花园两部分，府在前，园在后。乘坐地铁6号线，北海北门站出B口（东北口）走三座桥胡同前行200米即到，门票40元，如果要在大戏楼看戏和品尝盖碗茶则是70元的门票，个人觉得40元的就行了。在里面蹭导游很容易，到处是旅行团，但导游一般不会走到两边的展厅。注意恭王府曾是老版《还珠》第一部的取景地，比如花园中的长廊、花园正门西洋门等，看起似曾相识的感觉特别强，参观时多留意下。最重头的福池、福山、福厅在导游的渲染下，不断有游客排队去摸福山山洞里的福字，进入上面的福厅还有导游要单独收费，个人觉得别太迷信这些。出景区可在 骑行或去 游玩。
http://lvyou.baidu.com/gongwangfu/remark/?rn=15&pn=0&style=hot,蛋挞悦公主,有用(26),恭王府,2014-07-17 11:45,回复(52),不愧是王府大院。印象深刻的是那个从乾隆那里盗来的“福”字，藏在小小的秘云洞里，游客可以排队进去摸一下福字，沾沾福气。虽说这么干其实挺俗的，可毕竟俗人一个蛤蛤~从 穿过到 ，在走不多远就到 大门了，挺方便的。门票40，学生半价。
http://lvyou.baidu.com/gongwangfu/remark/?rn=15&pn=0&style=hot,蛋挞悦公主,有用(9),恭王府,2015-10-10 21:30,回复(9),恭王府为清代规模最大的一座王府，曾先后作为和珅、永璘的宅邸。到达的交通很方便，多路公交途径东官房站下车，最近的地铁站是六号线的北海北站，两者都走进三座桥胡同约400米后转入前海西街大概100米即可到达。恭王府最值得一看的地方就是后花园，假山、亭台楼阁、幽深小径结合起来错落有致。其实恭王府不大，全程无死角走下来也只需要2个小时左右，40元的门票觉得有点不太值得。恭王府属于什刹海区域景点，可以跟什刹海其他的景点一起游玩，上午游逛北海公园和恭王府，中午到前海来一个午餐，下午到 和烟袋斜街感受一下 老街的热闹，晚上到 体现京城的夜生活，一天下来就可以把什刹海一带来一个深度游了。
http://lvyou.baidu.com/gongwangfu/remark/?rn=15&pn=0&style=hot,蛋挞悦公主,有用(7),恭王府,2015-11-18 17:28,回复(4),我是在网上上定的票，40元，到游客中心换票，很方便！我们是自由行，坐地铁6号线，北海北B口出最近，三座桥胡同走出来右转就到了！ 还是很值得一看的，尤其是后花园，风水宝地，有个“福”字，导游会推荐你们买从石碑上拓下来的福字，把福气带回家，说其他地方都是假的，只有这里的才是真的，260一幅，信不信都由自己决定，个人认为要是每年拓这么多的福字，是拓板都会损伤了，更何况是这个石洞里墙上真迹！没有跟团的，最好去蹭个团听听和珅的故事，旅游团很多，随便往哪里一站都能听听，不然走马观花还是缺少了点乐趣！
http://lvyou.baidu.com/gongwangfu/remark/?rn=15&pn=0&style=hot,蛋挞悦公主,有用(8),恭王府,2015-05-10 17:55,回复(15),地铁的话从北海北下来，往胡 走过去就是，旁边就是 ，也可以上午逛完公园，下午去恭王府。里面还不错，修复的挺好的，还有些书法展厅，就是原先收藏的文物都收不回来了有些遗憾，保护工作做的很到位。游客也是比较多，性价比还可以，北方庭院的大气，看惯了南方庭院的可以来这换换口味，最好跟着导游走，里面有些部分不听讲解的话就没意思了。出来以后周围有很多拉客的，电瓶车30块，人力车80块（不保证一定是这个价），推荐坐人力车，然后拉着在什刹海转一圈，车夫还能给讲一些趣闻，介绍一下胡同里都住过什么人，现在有些什么人，非常不错，玩完了恭王府就可以直接去 了，能看到钟鼓楼，算是比较丰满的游览路线。
http://lvyou.baidu.com/gongwangfu/remark/?rn=15&pn=0&style=hot,蛋挞悦公主,有用(0),恭王府,2016-04-19 12:28,回复(0),之后就去了恭王府，这里是和珅与清末恭亲王奕訢所住之处。恭王府最有名的还是康熙皇帝写下的“天下第一福”石碑，康熙写下福字来为祖母孝庄太后“请福续寿”，而孝庄太后得到了这“福”字后也是百病全消，并以75岁高龄得以善终。孝庄太后临终希望此福字能够留传下来，便命人刻到了碑上，后来不知为什么就到了和珅的家里。每个来这里的人都要摸摸这个福字，来祝福家人平安。
http://lvyou.baidu.com/gongwangfu/remark/?rn=15&pn=0&style=hot,蛋挞悦公主,有用(0),恭王府,2016-04-19 12:28,回复(0),第五天，老姐去了公司，只剩下我一个人，决定自己去恭王府，记得导游曾经说过，很多人来北京，经常忽略了这个地方，应该去看一下，看一下大贪官和珅的家是多腐败。辗转地铁公车，边走边问，终于找到恭王府，领略了这个大贪官的豪宅，顺道摸了一把“福”字，导游说了，到这里别忘了带走福气…
http://lvyou.baidu.com/gongwangfu/remark/?rn=15&pn=0&style=hot,蛋挞悦公主,有用(0),恭王府,2016-04-19 12:24,回复(0),出了地铁北海北站A口，便可沿着错综的小胡同走向恭王府（普通游览票价40元，联票70元，加了专业讲解服务，在王府大戏楼内欣赏演出。学生证都可半价，推荐联票）。沿路能经过郭沫若故居，还有原涛贝勒府（即原辅仁大学旧址，现北京师范大学分校区）等值得驻足的建筑。
http://lvyou.baidu.com/gongwangfu/remark/?rn=15&pn=0&style=hot,蛋挞悦公主,有用(2),恭王府,2015-12-23 15:46,回复(2),下了长城我们又坐上877大巴，一个多小时的时间正好适合疲惫的我们。下车后我们来到了传说中的 ——和珅的家，转了一圈发现这老家伙真的很厉害，他的府邸根本就是一个缩小的皇宫啊，皇帝有啥他有啥，甚至皇帝没有的他也有，该杀！贪得无厌啊！对啦，恭王府还是享誉全球《还珠格格》的拍摄地，可惜我认不出来哪是哪了。
http://lvyou.baidu.com/gongwangfu/remark/?rn=15&pn=0&style=hot,蛋挞悦公主,有用(2),恭王府,2015-11-21 17:15,回复(1),与 这类皇家宫苑最大的不同之处是琉璃瓦的颜色，故宫是金色，亲王等府邸的是绿色，祭祀使用的是蓝色，如 。门口的石狮外加拍照的角度让我觉得仿佛到了 ，府内有佛堂转经筒后花园还有喷泉……里面有几处常常举办艺术展，去的时候恰逢秋季，各式菊花开的很美……由于在内城区所以交通不是特别方便，依稀还记得不远处的地铁站就是北海北……哈哈，看过好声音的懂
http://lvyou.baidu.com/gongwangfu/remark/?rn=15&pn=0&style=hot,蛋挞悦公主,有用(2),恭王府,2015-04-14 18:49,回复(1),是一个非常辉煌的住宅，里边最具有代表性的就是蝙蝠了，门廊，屋檐都雕有蝙蝠，象征着福气，当然也去摸了白羊玉做的福字碑，沾沾福气。最后参观了 皇帝抄家的那一排长屋。来 的朋友们，有时间一定要去 玩一玩看一看。值得你来一趟。
http://lvyou.baidu.com/gongwangfu/remark/?rn=15&pn=0&style=hot,蛋挞悦公主,有用(0),恭王府,2015-12-21 17:55,回复(0),臭脚来评： （Prince Gong’s Mansion）国家重点文物保护单位，为清代规模最大的一座王府，曾先后作为和珅、永璘的宅邸。1851年恭亲王奕訢成为宅子的主人，恭王府的名称也因此得来。恭王府历经了清王朝由鼎盛而至衰亡的历史进程，承载了极其丰富的历史文化信息，故有了“一座恭王府，半部清代史”的说法。在周恩来、谷牧和李岚清三代国务院领导人的关心下，恭王府腾退修缮工作历28年完成，使之成为 唯一一座对公众开放的清代王府。清室覆亡后，府邸的产权曾归属辅仁大学，八十年代初的恭王府已成为被8家单位割据、数百住户聚居的大杂院，有200余住户。
http://lvyou.baidu.com/gongwangfu/remark/?rn=15&pn=0&style=hot,蛋挞悦公主,有用(0),恭王府,2016-04-04 19:00,回复(0),和珅的家，后因赐给恭亲王被称为 ，是我国保存最为完整的王府建筑群，王府主要分为王府建筑群和后花园两个部分，王府建筑群主要展示了精致华丽的建筑以及多种多样的展览，比如恭王府历史展、书画展、艺术展等等；后花园则是包括假山湖水、戏院长廊等等，处处彰显和珅的“土豪”气质，其中放有康熙御笔“福”字碑的秘云洞就在这里。地铁北海北站步行几分钟就能达到恭王府，恭王府的门票包括普通门票（40元/人）和系列游服务门票（70元/人），根据不同需求购买。如果对清朝王府建筑以及展览感兴趣的强烈推荐，但是如果对这些没兴趣就会失望很多，非常有名的“福”字碑也只是排队快速看一眼。
http://lvyou.baidu.com/nanluoguxiang/remark/?rn=15&pn=0&style=hot,蛋挞悦公主,有用(15),南锣鼓巷,2015-09-17 23:27,回复(21),我觉得 太商业化了，整条街都是卖小吃卖工艺品的，缺少了古街道应有的宁静。会玩南锣鼓巷的人都会把重心放在主干道两旁的小胡 ，小胡同里面有很多古色古香的 老四合院，我建议想感受老胡同魅力的游客们都逛逛菊儿胡同和沙井胡同。南锣鼓巷的交通很方便，有多路公交途径，在锣鼓巷站、宝砂胡同站和地铁6号线南锣鼓巷站下就行了。整一带巷子逛完大概花费2-3小时，南锣鼓巷应该和前海后海连在一起游玩。巷子里面有很多卖明信片的小资店，都不贵，10元4-5张，很多店门前都有印章可以盖印，我在明信片上多盖几个印后，把祝福的话写在卡上寄给自己的小伙伴当作北京手信，特别有意义，在街尾有个邮筒可以直接寄出去了。
http://lvyou.baidu.com/nanluoguxiang/remark/?rn=15&pn=0&style=hot,蛋挞悦公主,有用(21),南锣鼓巷,2015-04-18 15:20,回复(56),南锣古巷当时是晚上去的，在吃吃吃。。。里面有个卖明信片的地方，2元一张，包含了 所有的景点，还可以盖上 的印章，个人很推荐买几张送给朋友。炒肝，卤煮等老北京小吃味道一都不好，推荐老北京酸奶，那个是我喝过的最好喝的酸奶了
http://lvyou.baidu.com/nanluoguxiang/remark/?rn=15&pn=0&style=hot,蛋挞悦公主,有用(37),南锣鼓巷,2014-07-12 22:45,回复(106),"其实很小，大概就是半个马路的宽度吧，因为去的时候正值节假日，所以人特别多，有特色的东西很多，小吃，小玩具,别具特色小店铺。当然最有特色的还是两边古朴的建筑，后来才知道，这里是很多名人的故居，明清时代达官贵人聚集的地方，是名副其实的“富人区”，而现在好多地方变成了各种各样有趣的店铺，有的建筑还保存完好可以参观。"
http://lvyou.baidu.com/nanluoguxiang/remark/?rn=15&pn=0&style=hot,蛋挞悦公主,有用(15),南锣鼓巷,2015-01-08 23:37,回复(37),有点类似 ，不过这里将现代文明和历史痕迹有了很好的结合。说起南锣其实不过是条胡同，北面起点是鼓楼东大街，一直南至平安大街，胡同听不宽， 的胡同嘛，本没有太宽的，他也算是北京的古老街区了，也不知道什么时候起这里开始聚集起了现代的商业店铺，并且越来越多。尤其是特色的小店此起彼伏的出现，于是逐渐聚拢起了人气，南锣就此出名了！现在去南锣挺方便的，地铁6号线直达，有南锣一站，如果是坐公交，宝钞胡同和锣鼓巷2个站都可以进入胡同，建议外地朋友做地铁啦！不过这里越来越商业化，个人不是很喜欢了，有名的排队大店文宇奶酪味道感觉也不如三元啊，整体店铺商品价格不便宜，不过如果作为游客，来体验下还是不错。
http://lvyou.baidu.com/nanluoguxiang/remark/?rn=15&pn=0&style=hot,蛋挞悦公主,有用(10),南锣鼓巷,2015-05-09 13:06,回复(24),闹锣鼓巷与其说是一条胡同，倒不如说是一片胡同，这里面包含了很多的胡同。 历史悠久，据称始于元朝，是现如今 最古老的街区之一，这可能也是他名气大的原因吧。我不能看出这了的门门道道，可能跟我不了解胡同文化有关，据说这里面还有一些古老的建筑，懂的人去看看应该也蛮好的。南锣鼓巷比较有名的是这里的老酸奶，有好多朋友跟我推荐，所以这次是逮住机会来尝了尝。我这次在北京四天，南锣鼓巷就来了三次，两次是白天，一次是夜晚，不得不说，南锣鼓巷的夜晚还是蛮不错的，更美，人也更多一些。来北京，如果不是特别赶，那么来这里感受下老北京的胡同味儿也是满不错的选择哦。
http://lvyou.baidu.com/nanluoguxiang/remark/?rn=15&pn=0&style=hot,蛋挞悦公主,有用(12),南锣鼓巷,2015-06-04 14:47,回复(30),个人感觉这里要比 好很多，虽然不全是 小吃，但是做的还都不错！很干净、很热闹、老板都很热情、样式也很全。好多装修的也都古香古气，有北京风味！而且两边还有好多好多的小胡同，时间允许的情况下，建议拐个弯到胡 溜达溜达，会有一些小饭店，有杂酱面等等……看起来都不错的！价格也不贵！还会有好多小书店、酒吧、咖啡厅……门脸都不大，门、窗都打开着……让人很open，有和每一个人打招呼的冲动！真心希望能在这里静静的呆上几天！可以在胡同里跑跑步、泡泡吧、看看书……
http://lvyou.baidu.com/nanluoguxiang/remark/?rn=15&pn=0&style=hot,蛋挞悦公主,有用(0),南锣鼓巷,2016-04-26 11:39,回复(0),迷失北京从南锣鼓巷开始，这是我国唯一完整地保存着元大都里坊风貌的传统民居区，是最富有老北京风情的街巷。周边胡同里各种形制的府邸、宅院多姿多彩，厚重深邃。如今的南锣鼓巷，商业兴盛，市场繁荣，酒吧、咖啡馆、餐厅、旅店林立，商场出售着以北京为主题的T恤衫和剪纸等手工艺品。
http://lvyou.baidu.com/nanluoguxiang/remark/?rn=15&pn=0&style=hot,蛋挞悦公主,有用(1),南锣鼓巷,2016-03-17 19:02,回复(2),，很多年轻人喜欢去的地方！有很多精致的小店，不过东西价格都不是很美丽！个人喜欢南锣鼓巷，是因为在游客比较少的时候它确实是个街拍的好地方！另外中央戏剧学院就在南锣，不过一般人不让进去哎（保安眼力那么好，一眼就看出了我们不是这个学校的，难道我们很土吗？）学校附近有一个叫景秀还是什么的（名字具体忘了）餐厅还不错，菜都是家常菜，比不了大饭店，不过吃起来也可以，价格也相对来说可以接受，亲们逛累了可以去那里品尝品尝美食！不过时间太久了，不知道那家店还有没有，价格有没有涨...南锣鼓巷离 也不远，逛完南锣可以去后海逛逛～
http://lvyou.baidu.com/nanluoguxiang/remark/?rn=15&pn=0&style=hot,蛋挞悦公主,有用(5),南锣鼓巷,2015-05-19 15:43,回复(14),2月10日下午5点左右，在 ——小菊儿胡同——铃木食堂，我遇见了这个女孩！我本来要坐这个位置的，但在我上楼的时候，她坐了过来，我只好坐在了她原来的位置，在她背后默默看着她，独自发呆。她在吃饭的时候还回头看了我两次，让我感觉小鹿撞怀！后来，她刷卡结账走了，过了一会儿，我跟着出去了，在胡同口的甜品店又看到她了！她在那里紧挨橱窗坐着、吃着甜点，发现我在看她，还停顿了几秒钟，我感觉很害羞，只好离开了！其实在那一刻，我彻底爱上了这个女孩！心如刀割！
http://lvyou.baidu.com/nanluoguxiang/remark/?rn=15&pn=0&style=hot,蛋挞悦公主,有用(1),南锣鼓巷,2016-02-17 11:08,回复(2),现在已经商业化挺严重了，两边的都是店子，不过想想，要是真的保持原汁原味的 老胡同，又会有多少人前来呢，但是不要失望，因为南锣鼓巷周边的巷子还很棒，值得去看看，顺便说一句，南锣鼓巷的地理位置很好，周边还有 ，北海公园，景山什么的
http://lvyou.baidu.com/nanluoguxiang/remark/?rn=15&pn=0&style=hot,蛋挞悦公主,有用(11),南锣鼓巷,2014-05-12 21:53,回复(40),，又名南锣古巷，是中国 东城区的一条胡同。它是中国唯一完整保存着元代胡同院落肌理、规模最大、品级最高、资源最丰富的棋盘式传统民居区。一向口味挑剔的 《时代》周刊，精心挑选出了亚洲25处你不得不去的好玩儿的地儿，中国有6处被选中，北京南锣鼓巷榜上有名。来到南锣鼓巷，你可以逛各种胡同，不要迷路哦
http://lvyou.baidu.com/nanluoguxiang/remark/?rn=15&pn=0&style=hot,蛋挞悦公主,有用(0),南锣鼓巷,2016-04-19 12:31,回复(0),在南锣鼓巷里还能淘到很多的宝，有一个小店，店里的每一样东西都是八十年代的物品，有小时候吃的汽水糖，大大泡泡糖，梅花鹿奶糖，小时候玩的溜溜，变形金刚的朴克，人间大炮的玩具，还有小时候的小人书，应有尽有，真的很有趣！值得一提的是北京的小吃真的多种多样，文宇奶酪店的原味奶酪，天津的剪饼果子，各地的小吃云集一处，真是集众家所长呀，我最喜欢的是吉事果，外面酥脆，中间是空心或是网格状的，不油腻，颜色金黄，加上冰淇淋，浇上巧克力，吃在嘴里感觉非常奇妙！ 南锣鼓巷真不愧为最富有老北京风情的街巷！
http://lvyou.baidu.com/nanluoguxiang/remark/?rn=15&pn=0&style=hot,蛋挞悦公主,有用(0),南锣鼓巷,2016-04-19 12:30,回复(0),在南锣鼓巷，能找到色彩绚丽的糖果世界。   也能找到各种复古画扇、北京刺绣以及手工作品的小店。   当然也不能少色彩温馨、布局诗意、充满故事性的软陶屋，不同形象的软陶演绎着不同的故事，有的滑稽，有的感人，也有的在述说历史。  南锣鼓巷还有其他一些琳琅满目的小作品。
http://lvyou.baidu.com/nanluoguxiang/remark/?rn=15&pn=0&style=hot,蛋挞悦公主,有用(0),南锣鼓巷,2016-04-19 12:30,回复(0),南锣鼓巷是中国唯一完整地保存着，是最赋有老北京风情的街巷。周边胡同里各种形制的府邸、宅院多姿多彩，厚重深邃，主要包括的景点有齐白石故居、茅盾故居、蒋介石行园、菊儿胡同等。现在的南锣鼓巷是一个汇聚着小吃、文化手工制品、老北京风情的建筑充满老北京风味的街巷。
http://lvyou.baidu.com/nanluoguxiang/remark/?rn=15&pn=0&style=hot,蛋挞悦公主,有用(0),南锣鼓巷,2016-04-19 12:30,回复(0),南锣鼓巷里，小店林立，人分流进出，拥挤却不会令人后悔来这里。在这里选购小礼物再合适不过（衣，饰，简单随身物，明信片，个性东东，CD……），还有各种泡芙，据说北京最好吃的面包吃货来这如果有个好弟弟，傻大姐就尽情享受美食了——最后，钟巷小馆，里面有个面包咖喱鸡，还有汤泡饭，尤其是后者，名字虽不起眼但真好吃，尤其对于那种饿昏的解馋填肚最好不过，汤泡饭二十多，咖喱鸡贵，五十多。
http://lvyou.baidu.com/shijiegongyuan/remark/?rn=15&pn=0&style=hot,蛋挞悦公主,有用(14),世界公园,2015-07-07 14:26,回复(29),位于北京丰台区花乡大堡台，是亚洲大比例微缩主题公园之一，距天安门广场16公里。布局按五大洲版图设计，汇集世界110处知名人文自然景观，如埃菲尔铁塔、凯旋门、 塔桥、大本钟、比萨斜塔等，精雕细琢，直观的给你视觉美和享受，不出国遍览天下。非常适合带小孩去游玩，乘坐地铁9号线、房山城铁可直达，此外公交特7、959路、937路支、967路、913路也可直达。门票100元，学生60元，1米2以下儿童、70岁以上老人可免费入园。注意园内的表演非常有看点不要错过，旺季每周三至周日的上午10点半到11点在园内有环球民俗风情花车大巡游表演，上午11点到11点半在艺术剧场有环球风情歌舞表演。
http://lvyou.baidu.com/shijiegongyuan/remark/?rn=15&pn=0&style=hot,蛋挞悦公主,有用(66),世界公园,2014-02-26 13:42,回复(165),在丰台区，离 中心区域挺远的，记得坐公交差不多要1.5-2个小时，中间还要倒车。全票100元，学生票好像是60元，里面卖吃的的既少又贵，建议大家带好干粮再进去。 ，顾名思义，就是里面有很多世界上著名的景点，都是按照一定的比例仿造的，很精致，真的是不虚此行，具体多少个建筑景观我不清楚，但是能想到的几乎里面都有，像是凯旋门，自由女神像， 等等，有很多新人去那里拍婚纱照，很美腻的。
http://lvyou.baidu.com/shijiegongyuan/remark/?rn=15&pn=0&style=hot,蛋挞悦公主,有用(0),世界公园,2016-04-03 07:40,回复(0),位于 丰台区，是一个微缩景观公园，云集了世界各地的景点，适合亲子游，里边非常美丽，适合摄影。步行游览大概要四个小时，建议秋天去，夏天太热了，容易中暑，门票一百元，比较贵。里面风景不错，花花草草都很多，还有一个剧院，定时表演，里面的食物又贵又难吃，建议自己带。交通可以从 坐公交，或者坐地铁 线。
http://lvyou.baidu.com/shijiegongyuan/remark/?rn=15&pn=0&style=hot,蛋挞悦公主,有用(0),世界公园,2016-03-28 18:26,回复(0),真的已经是很破旧了，好像已经存在十多年了，里面人不多。还参加了一个进鬼屋的活动，老板娘要三十一位，我们砍价到十元一位就进去看看。大失所望，就是放放鬼音，摆两个玩偶。因为太黑我打手电，期间有个小伙还对我大喊大叫，挺没意思的，要是去玩，不要去那个破鬼屋，没意思。 以上是几处标志景点，转完全园大概两个小时就可以了。
http://lvyou.baidu.com/shijiegongyuan/remark/?rn=15&pn=0&style=hot,蛋挞悦公主,有用(1),世界公园,2014-08-26 15:47,回复(12),公园不大，差不多两个小时就可以逛完。这种地方主要就是拍拍照片，建议花1块钱买张导览图，这样就不会遗落下一些建筑啦。可能年号比较久了，很多建筑上都开始长草了，园区工作人员应该及时清理下。100块门票有些贵，跟观赏玩耍性不成正比。
http://lvyou.baidu.com/shijiegongyuan/remark/?rn=15&pn=0&style=hot,蛋挞悦公主,有用(2),世界公园,2015-06-05 19:22,回复(4),坑爹的一次，明明有学生证却说我们没有防伪码，硬生生的收了我们100元成人票[鄙视] 地铁到大葆台B出口下就可以了。有许多著名景观，但有些比例控制得不太好，看不出来效果，还有些颜色是错的，误人子弟啊。花半天时间将所有景观遛了遍，总体来说效果不错，也有很多人拍婚纱。
http://lvyou.baidu.com/shijiegongyuan/remark/?rn=15&pn=0&style=hot,蛋挞悦公主,有用(0),世界公园,2016-03-28 17:39,回复(1),内还有一个露天剧场。表演者基本都是外国人，表演的都是原汁原味的风土人情。其中给我印象最深的是来自 的土风表演：几个黑人一边敲着 大鼓，一边观众喊着听不懂的语言，充满激情，引得台下掌声不断。
http://lvyou.baidu.com/shijiegongyuan/remark/?rn=15&pn=0&style=hot,蛋挞悦公主,有用(1),世界公园,2016-03-28 19:07,回复(0),的票价要35元（学生价），相对 很多景点是算贵的了，可能是私人投资的原因吧。不过进去之后发现，这个景点给人感觉几近荒废的感觉，似乎没什么人经营了，里边很多项目都已经关闭了~但是值得欣慰的是，里边的东西还是值得一看，希望这里能够重焕生机！
http://lvyou.baidu.com/shijiegongyuan/remark/?rn=15&pn=0&style=hot,蛋挞悦公主,有用(0),世界公园,2016-03-28 18:51,回复(0),我感觉 的可看性不是很大，去之前在网上看的图片是冬天下雪的时候，那时候觉得特美。进门以后买了一张世界公园的图，2元。建筑之间隔得比较近，但是确实很逼真，个人比较喜欢 部落和科罗拉多大峡谷。 的一个展宫桂离宫进去看是需要花钱的，但是没有什么必要。
http://lvyou.baidu.com/shijiegongyuan/remark/?rn=15&pn=0&style=hot,蛋挞悦公主,有用(0),世界公园,2016-03-28 18:50,回复(0),这是最后一张了，在 里顶着日晒，走走停停的玩了5个小时，在距离大门口300多米的地方，小家伙累得不行了，我也很透支了，刚抱她一会儿，正愁怎么才能胜利到达终点的时候，早上坐过的小马车又一次的经过这里了，小东西一下子就又来了精神头，下地追着小马车一路就跑到了大门口。
http://lvyou.baidu.com/shijiegongyuan/remark/?rn=15&pn=0&style=hot,蛋挞悦公主,有用(0),世界公园,2016-03-28 18:35,回复(0),游客漫步 ，一座座按1：10比例微缩的建筑 物会使您目不暇接，大饱眼福。这些仿照世界名胜而建的微缩 建筑，设计精细，造型逼真，置身此地，您会感到仿佛真的在周 游世界。能用一天的时间饱览世界所有最著名的名胜古迹，多 少人的梦想今天在这里变为了现实。
http://lvyou.baidu.com/shijiegongyuan/remark/?rn=15&pn=0&style=hot,蛋挞悦公主,有用(0),世界公园,2016-03-28 18:33,回复(0),杨宝贝刘：第四天（10月2日） http://blog.xxt.cn/showSingleArticle.action?artId=4492532&tempid=0.8902767425795857
http://lvyou.baidu.com/shijiegongyuan/remark/?rn=15&pn=0&style=hot,蛋挞悦公主,有用(0),世界公园,2016-03-28 18:21,回复(0),去 前浏览了百度旅游的一些图片和文字，不再缀评，仅作一些补充。 我坐的地铁6号线，感觉还挺温馨。 公园大门，有如童话王国 新天鹅堡  伦敦塔桥 林肯纪念堂 原比例大小木马计里的木马  这样不到半天可以游完全园，因为天气有雾气，又正值寒冬，哪怕是正月初四，游人并不多，清清爽爽。还有一些 的塔楼，非洲的陵墓，和中国的苏式庭院也蛮好。
http://lvyou.baidu.com/shijiegongyuan/remark/?rn=15&pn=0&style=hot,蛋挞悦公主,有用(0),世界公园,2016-03-28 18:18,回复(0),，我来了……         茅草屋，真心想在里面住  总在教科书上看到这个                                                                                                                总花销：
http://lvyou.baidu.com/shijiegongyuan/remark/?rn=15&pn=0&style=hot,蛋挞悦公主,有用(0),世界公园,2016-03-28 17:38,回复(0),（ 的位置比较独立，我去的很早，并且是别人开车送我们过去，如果是自己出行的话，一般不会住这附近，游玩的话时间充足可以花上一天，虽然我只玩了半天。）星期六星期天出行没有什么人，一点都不堵车很O(∩_∩)O~世界公园包罗 ，囊括40个国家的一百多处的名胜古迹，独具匠心。
http://lvyou.baidu.com/beihaigongyuan/remark/?rn=15&pn=0&style=hot,蛋挞悦公主,有用(13),北海公园,2015-04-27 12:34,回复(27),首先说从哪个门进去的问题，大家一般选择南门和北门进去，楼主推荐大家从南门进，这样刚好逆时针转一圈；如果从北门进，那么从南门出去，虽然不再收费，但是还有一个二次检票问题，有点儿麻烦。再说大白塔，10元的门票虽然不贵，但是就只能进去转一圈，感觉不太划算，其实站在外边已经看的很清楚啦。最后说下游船，北海很大，“让我们荡起双桨”之歌就出在此处，大家可以租条小船，泛舟在北海之上，价格不贵，风景却极美！
http://lvyou.baidu.com/beihaigongyuan/remark/?rn=15&pn=0&style=hot,蛋挞悦公主,有用(16),北海公园,2015-05-30 17:40,回复(21),“让我们荡起双桨...”多少人美好的回忆，而 正是荡起浆的地方，它是中国现存最古老、最完整的皇家园林之一，而门票则是亲民的十块，登上北海公园的团城，这里是观看中南海的绝佳地点，而琼华岛的白塔是公园的制高点，放眼望去，四周景色尽收眼底，美丽极了，公园的另一个看点就是闻名遐迩的九龙壁了，壁的两面各饰有九条蟠龙，还有壁顶和两侧的众多小龙，造型生动，色彩艳丽，是琉璃建筑中的精品。来北海不划船感受一下那首歌，真的有点遗憾，船的样式不同，价格基本在每小时40-100之间。来北海可以坐地铁6号线在“北海北”站下车。这里离 和景山很近，步行几分钟就到，出了公园北门就是 ，建议串在一起游览。
http://lvyou.baidu.com/beihaigongyuan/remark/?rn=15&pn=0&style=hot,蛋挞悦公主,有用(1),北海公园,2016-03-28 18:35,回复(2),其实， 没有我想象中的那么大，名胜也不是很多，标志性建筑白塔格外显眼。进门以后不久，我们就看到了湖中的白塔。这座建筑物其实是一座实心喇嘛教塔，高36米，矗立在琼岛顶峰，远远望去，它被绿荫拥簇，巍峨壮美，引人注目。距导游说，如果登上塔去，可以俯瞰不远的燕京八大景之一的“琼岛春荫”，并一览北海公园的全貌，可惜由于时间关系，我们没有机会登上去。
http://lvyou.baidu.com/beihaigongyuan/remark/?rn=15&pn=0&style=hot,蛋挞悦公主,有用(2),北海公园,2016-03-17 18:53,回复(2),属于皇家园林，很大，风景很美，是春天踏青的好去处！从北门进去的话，一直走就可以看见公园里的湖，此时建议向左走（东），因为向西走的话，可以游览的景点不多，而且一直向西走就直接走到西门了，根本到不了白塔！想去白塔那边景点的朋友们，可以向东走！到了白塔底下，沿着小路上去，在上白塔之前，在墙的北边，前面有一片空地，视野开阔，在这里可以看见公园的湖光景色，很多人在这里拍照留念！至于白塔，个人认为没有必要买票上去看了，还是远处看比较美！其他的景点，如果不是佛教信徒或者对佛教感兴趣的，个人建议也没有必要买票去参观了，实在没什么意思！去北海公园，其实就是环境好，去那里体会体会游湖观白塔就可以了！
http://lvyou.baidu.com/beihaigongyuan/remark/?rn=15&pn=0&style=hot,蛋挞悦公主,有用(6),北海公园,2015-12-22 20:08,回复(8),从 出来，看时间还早。于是便打算逛逛 。北海公园我已经来第二次了。第一次来的时候还小，一个人稀里糊涂的就逛完了北海。出来爸妈问我“看到 没有？”我才恍然大悟，发现自己漏了一个这么重要的景点。由此，成了一个遗憾。幸好，这次有机会弥补这个遗憾了。因为这是第二次来，白塔什么的，上一次已经看过了，于是，就买了普普通通的门票，看了看外围。
http://lvyou.baidu.com/beihaigongyuan/remark/?rn=15&pn=0&style=hot,蛋挞悦公主,有用(4),北海公园,2015-09-01 21:32,回复(6),是中国现存最古老、最完整的皇家园林之一，而门票却只有十块，非常便宜。登上北海公园的团城远眺，可以观看中南海。琼华岛的白塔是公园的最高点，极目远眺，四周景色一目了然，十分美丽，公园的另一个看点是闻名遐迩的九龙壁，壁的两面各饰有九条蟠龙，还有壁顶和两侧的众多小龙，造型生动，色彩艳丽，栩栩如生，实属琉璃建筑中的精品。来北海划船最好感受一下那首“让我们荡起双桨，小船儿推开波浪歌”的歌。感觉真是身临其境。船的样式不同，价格基本在每小时40-100之间。来北海可以坐地铁6号线在“北海北”站下车。这里离 和景山很近，步行几分钟就到，出了公园北门就是 ，建议串在一起游览。
http://lvyou.baidu.com/beihaigongyuan/remark/?rn=15&pn=0&style=hot,蛋挞悦公主,有用(0),北海公园,2016-04-19 12:27,回复(0),从北海公园出来已然是下午两点，我和姐姐先去了一趟景山，因为就在附近，这个时候的景山顶上拥挤着很多人，大家都想看看雪后的紫禁城，在山顶山，还有一堆外国夫妇传着古代皇帝和皇后的衣服在拍照，显得非常可爱。
http://lvyou.baidu.com/beihaigongyuan/remark/?rn=15&pn=0&style=hot,蛋挞悦公主,有用(0),北海公园,2016-04-19 12:25,回复(0),夏日黄昏时分走入北海公园，我立刻感到了一种难得的清爽。公园很大，我看到不远处宽广的湖面上密密地长满了翠绿的荷叶，让我感到一种“接天莲叶无穷碧”的夏的韵味。湖对岸就是课本中所见的美丽的白塔，这是我第一次如此近距离地观赏这一北海公园的标志性建筑。既然来到了这“让我们荡起双桨”的地方，就不妨乘坐一下游船，让“小船儿推开波浪”吧！沿着长木板，我们登上了一艘古色古香的木制游船，开始了我们的水上北海之旅。
http://lvyou.baidu.com/beihaigongyuan/remark/?rn=15&pn=0&style=hot,蛋挞悦公主,有用(0),北海公园,2016-04-19 12:24,回复(0),来了北海公园，一定要到湖中间的琼华岛上走走，这里有环廊，山间散布着许多精美的小亭子，而最让人难忘的就是琼华岛上的白塔，塔身洁白无瑕，给人一种端庄神圣的感觉。由于岛上面积有限，上下同行的阶梯十分陡！是！真！的！非！常！陡！反正我是不扶着扶手都不敢下楼~站在二环内的高处，满眼都是古今交融的景象，十分有趣~
http://lvyou.baidu.com/beihaigongyuan/remark/?rn=15&pn=0&style=hot,蛋挞悦公主,有用(0),北海公园,2016-04-19 12:21,回复(0),要说北海公园的标志，还是位于琼华岛上的白塔。我们从北门观赏完两大影壁后，沿东堤来到琼岛。我们上岛的首要目的却是为了吃早餐。在岛的南面，开有北京两家著名餐馆，一家是护国持小吃，另一家是庆丰包子店。特别是护国持小吃，可以靠着湖边坐。很多游客来北京玩，都会专门去护国寺总店。其实不必，来北海公园吧，价格品质是一样的。我们是先吃庆丰包，再试护国寺，反正是撑着走。豌豆黄真的很好吃，豆汁真的喝不惯。庆丰包子价格很便宜，其实就是2块钱一个，平民化的价格，味道也是可以的，吃的是情怀，你懂的。这两家店都很干净，人也不会拥挤，我们去时也许不是饭点，庆丰包子坐了上座率八成；持国持座位多些，不到上座率五成。
http://lvyou.baidu.com/beihaigongyuan/remark/?rn=15&pn=0&style=hot,蛋挞悦公主,有用(0),北海公园,2016-04-19 12:19,回复(0),北海公园，以①团城巧妙的排水设计、②地标式建筑白塔、③燕京八景之一琼岛春阴、④末代皇帝溥仪的弟弟溥杰题名的快雪堂书法博物馆、⑤七彩琉璃打造的九龙壁、⑥临水五亭五龙亭、⑦世上最大方亭式建筑小西天等最为知名，琼岛春阴以其独特的季节特点，成为北海琼华岛众多景致中错过了需再等一年的稀有景致。
http://lvyou.baidu.com/beihaigongyuan/remark/?rn=15&pn=0&style=hot,蛋挞悦公主,有用(0),北海公园,2016-04-19 12:18,回复(0),提起北海公园，似乎首先浮现在我们眼前的就是北海的白塔和耳畔那首《让我们荡起双桨》。确实，当我们站立在这座城市的中心的时候，我们能看到景山之巅的万春亭，我们也能看到万春亭西侧的白塔。再加上儿时那首《让我们荡起双桨》，北海公园就被定格为：
http://lvyou.baidu.com/beihaigongyuan/remark/?rn=15&pn=0&style=hot,蛋挞悦公主,有用(0),北海公园,2016-04-19 12:18,回复(0),有趣的是，当我以为《让我们荡起双桨》创作于北海公园的时候，翻看资料才发现原来这首歌最初创作于颐和园。不得不说，背后的故事有时更耐人寻味，如同毛泽东两首词中的长城，今人多以为毛泽东书写的是八达岭长城，而事实上，当年写作“不到长城非好汉”、“望长城内外，惟余莽莽”的时候，毛泽东正在祖国的中西部宁夏、山西奋战，又何来八达岭长城之说？可叹今人不明其理，还在抱怨被一日游骗到了另一个长城。
http://lvyou.baidu.com/beihaigongyuan/remark/?rn=15&pn=0&style=hot,蛋挞悦公主,有用(0),北海公园,2016-04-19 12:18,回复(0),几年前第一次来到北海公园看到春花烂漫的时候，那感觉真好，记忆中的桃花和黄色的琉璃瓦相得益彰，那时候虽然没有进入永安寺，却还是留下了深刻的印象。几年之后故地重游，却找不到当年的感觉，不得不说，人生若只如初见，该多好。
http://lvyou.baidu.com/beihaigongyuan/remark/?rn=15&pn=0&style=hot,蛋挞悦公主,有用(0),北海公园,2016-04-19 12:18,回复(0),【交通】一般进入北海公园的入口有三个：南门（正门）、东门（临近景山公园西门）、北海北门（靠近什刹海荷花市场）。可能还有其他入口，但一般游客走的比较多的是这三个入口。我个人比较推荐的是南门，游览起来比较方便，不会错过团城和积翠牌坊、永安桥石桥。按时如果是从景山公园游览完毕出来，则可以直接走景山公园西门到达北海公园东门，进入之后到达的位置是白塔北侧。如果从后海过来，则可以走北海北门，这条路线的缺点是因为北海西侧和白塔所在的位置是单行线，如果想看全有些路线得再走一遍。但如果是从南门进入，就不用了，逛完白塔到北门，然后去逛九龙壁、小西天，就比较顺畅。
http://lvyou.baidu.com/tiananmenguangchang/remark/?rn=15&pn=0&style=hot,蛋挞悦公主,有用(1),,2016-04-03 07:30,回复(2),位于 市中心，中轴线上，四周有天安门， ，毛主席纪念堂，前门，人民英雄纪念碑，人民大会堂，国家博物馆，国家大剧院等景点。清晨有升旗仪式，人山人海，要早点去，周边的景点都不容错过，建议留一天的时间参观，每个季节都有不同的景色。要实现准备好行程，每各地方开放日期都不一样。交通方便，有地铁一号线和二号线。
http://lvyou.baidu.com/tiananmenguangchang/remark/?rn=15&pn=0&style=hot,蛋挞悦公主,有用(23),,2015-01-21 11:27,回复(37),我们是坐地铁1号线 天安门西 B口出，往右手边走到前方安检到达 ，在广场真前方是人民大会堂&人民英雄纪念碑，从天安门的门洞入内就是 博物院，故宫的出口就是 ，这是一条中轴线的旅游线路
http://lvyou.baidu.com/tiananmenguangchang/remark/?rn=15&pn=0&style=hot,蛋挞悦公主,有用(0),,2016-04-26 11:54,回复(0),4点30起床，早早的赶到广场看升国旗仪式，人山人海啊，今天天气真心好，日出前就特别漂亮，隔着人墙看到国旗在第一道阳光下徐徐升起，权当是感受氛围吧，听司机说要等个好位置有人3点多就来了……国庆期间看升国旗仪式会由武警划分区域，去晚了只能在很远的方阵，想要占好位置只能早起再早起。
http://lvyou.baidu.com/tiananmenguangchang/remark/?rn=15&pn=0&style=hot,蛋挞悦公主,有用(0),,2016-04-19 12:30,回复(0),天安门广场每天清晨的升国旗和每天日落时分的降国旗是最庄严的仪式，看着朝霞辉映中鲜艳的五星红旗，心中升腾的是激昂与感动。同时天安门广场是无数重大政治、历史事件的发生地，是中国从衰落到崛起的历史见证。
http://lvyou.baidu.com/tiananmenguangchang/remark/?rn=15&pn=0&style=hot,蛋挞悦公主,有用(0),,2016-04-19 12:30,回复(0),为了圆师姐的天安门行，在夜色中再一次来到了天安门广场，不过晚上前往天安门的道路封闭了，只能在路对面感受一下天安门广场。毛泽东纪念堂与天安门遥遥相对，人民英雄纪念碑矗立中间，构成夜色中极为庄严的景色。
http://lvyou.baidu.com/tiananmenguangchang/remark/?rn=15&pn=0&style=hot,蛋挞悦公主,有用(0),,2016-04-19 12:28,回复(0),呜呜呜，今天又是早起，去天安门广场看升旗。看升旗要在中华人民共和国国旗网上查一下升旗的时间，我们去的那几天都是7点半左右升旗，于是设了个5点半的闹钟，出门的时候客栈门闩都还在......到了天安门广场大概7点15左右，已经围了很多人了，于是乎我这个小矮子排在后面，是一点都看不见。小徐录了视频，回去看了看。不过升旗的时候大家都拿着手机，听着国歌一点都没有要放下手机庄重地看升旗的意思，大概也是智能手机时代的悲哀吧。
http://lvyou.baidu.com/tiananmenguangchang/remark/?rn=15&pn=0&style=hot,蛋挞悦公主,有用(0),,2016-04-19 12:28,回复(0),第一天的重点是看升旗礼，为了占到位置，我们三点就起床了，直奔天安门广场，夜里风挺大，不过我还是只穿了两件衣服，冻得直发抖，到达时那里已经有人在等候了，赶紧排队，一会儿时间，那条队已经看不到尾了。经过安检，开始狂奔，正对着旗台，占了个好位置，人越来越多，五点半左右，交警开始封路，护卫队走出金水桥，跨过长安街，正步迈向升旗台，在国歌声中，红旗缓缓升上顶端，仪式完毕，广场解封，这时的广场已经成了人的海洋，抓紧时间，拍几张留个纪念。
http://lvyou.baidu.com/tiananmenguangchang/remark/?rn=15&pn=0&style=hot,蛋挞悦公主,有用(0),,2016-04-19 12:26,回复(0),再苦再累也要去天安门广场看个升旗。四点多五点就要起来，车也不好打，好不容易打上了车，下了车还要走一段路，所以有心要看升旗，就要早！每天日出时间不同，升旗的时间也不一样，还有好像每月1日、11日、21日还有过节的时候升旗仪式会比较壮观，也比较好看，要提前了解清楚。
http://lvyou.baidu.com/tiananmenguangchang/remark/?rn=15&pn=0&style=hot,蛋挞悦公主,有用(0),,2016-04-19 12:15,回复(0),原打算上个周末就去体验这次升华，谁料到竟然因为睡过了头而轻易放弃了，只能说我的意志不够坚定，急需加强政治思想工作的建设。终于今天在国旗升起的前一分钟赶到天安门广场。6：37分国歌准时响起，国旗徐徐上升。淹没在一片人的汪洋之中，我真实体验到一种叫作骄傲的情绪，一阵阵庄严而神圣的感觉在内心激荡，甚至真心雀跃着漫溢的欢乐。国旗升起之后我仍久久不想离开，从一小姑娘手里借过一面小小的五星红旗兴奋地挥舞起来。原来潜藏在心底的感情是可以通过一种仪式来点燃的。
http://lvyou.baidu.com/tiananmenguangchang/remark/?rn=15&pn=0&style=hot,蛋挞悦公主,有用(1),,2016-03-28 18:46,回复(0),这一天是邹鑫陪我们游 。我们大概9点半左右到达 ，那时已经people mountain people sea了，80%的人是来照相的。这个目前市内最大广场目前已经有了严密的安保，要从地下进入，进入的时候要像进地铁站一样过安检。北面是天安门，南面是 和人民英雄纪念碑，西面是人民大会堂，东面是国家博物馆。南面还有两块大屏幕，播放的是祖国的锦秀河山。
http://lvyou.baidu.com/tiananmenguangchang/remark/?rn=15&pn=0&style=hot,蛋挞悦公主,有用(1),,2016-03-28 18:55,回复(0),然后是期待了无数次的 ， 、 、国家博物馆尽在眼中，因为周一，人民英雄纪念碑只能远观。站在天安门广场，心中的激动自不必说，一种质朴大气的感觉油然而生，尊贵奢华洗练后的质朴，无言包容的大气。
http://lvyou.baidu.com/tiananmenguangchang/remark/?rn=15&pn=0&style=hot,蛋挞悦公主,有用(0),,2015-12-21 17:55,回复(0),臭脚来评：我们真正进入 时，人已经非常之多了。天安门广场的布局对称，中轴线上由北向南依次为【天安门城楼】、【升旗仪式地】、【人民英雄纪念碑】、【 】、【前门大街-正阳门】，广场两侧分别是【 国家博物馆】和【人民大会堂】。天安门广场占地面积44公顷，东西宽500米，南北长880米，地面全部由经过特殊工艺技术处理的浅色花岗岩条石铺成。天安门广场每天清晨的升国旗和每天日落时分的降国旗是最庄严的仪式，看着朝霞辉映中鲜艳的五星红旗，心中升腾的是激昂与感动。同时天安门广场是无数重大政治、历史事件的发生地，是中国从衰落到崛起的历史见证。
http://lvyou.baidu.com/tiananmenguangchang/remark/?rn=15&pn=0&style=hot,蛋挞悦公主,有用(5),,2015-10-19 21:30,回复(8),是 首都的心脏地带，是世界上最大的城市中心广场。广场占地面积44公顷，东西宽500米，南北长880米，地面全部由经过特殊工艺技术处理的浅色花岗岩条石铺成。天安门广场每天清晨的升国旗和每天日落时分的降国旗是最庄严的仪式，看着朝霞辉映中鲜艳的五星红旗，心中升腾的是激昂与感动。同时天安门广场是无数重大政治、历史事件的发生地，是 从衰落到崛起的历史见证。华夏心脏。
http://lvyou.baidu.com/tiananmenguangchang/remark/?rn=15&pn=0&style=hot,蛋挞悦公主,有用(0),,2016-03-28 18:43,回复(0),首先当说天安门。和96年那次一样， 依然是人山人海，到处都是人，稍不留神就会有陌生人闯进你的拍照镜头，着实麻烦。 也和96年一样，人群在纪念堂方圆数十米外绕圈排队，光是排队就排了一个小时，而进馆后再到出馆不足两分钟。还不准带包不准带相机不准带手机不准带饮料，因此广场东侧的存包处大大地赚了一笔。
http://lvyou.baidu.com/tiananmenguangchang/remark/?rn=15&pn=0&style=hot,蛋挞悦公主,有用(0),,2016-03-28 18:42,回复(0),睡到自然醒，8点多在地铁站附近的面包店买点早餐，做5号线换乘2号线到 下车，看看 ，安检排队的人真多，圆了儿时的梦，我也站在天安门广场上了， 没去，据说是假的尸体，真尸体除了脸部都腐烂了。而且必须存包，存包的地方还很远。 都用东西围上了，不让靠近
http://lvyou.baidu.com/798yishuqu/remark/?rn=15&pn=0&style=hot,蛋挞悦公主,有用(13),,2015-05-09 11:54,回复(28),我虽然不懂艺术，但很喜欢艺术，所以798是我首次帝都之行打定注意必去的地方，在最后一天好歹安排了半天的时间去感受。不得不说798没有我想象的那样好，不过里面确实是充满了艺术气息，我倒了798后，直奔一些艺术展览，去的第一个展览是个私人艺术展，没啥好看的。没想到第二个展览就把我吸引了，现在还记得那个艺术家叫做曹勇，反正简介写得挺牛叉的，我在里面看了一会儿，就一发不可收拾了，居然在里面待了有一个多小时，感觉挺棒的。798的整体设计是到处都透漏出与众不同，这一点儿看我的照片就知道了，有些地方也是有一些小清新的。798里面最为重要的就是不定期举办的各种艺术展览，种类繁多，可以专挑自己感兴趣的看。
http://lvyou.baidu.com/798yishuqu/remark/?rn=15&pn=0&style=hot,蛋挞悦公主,有用(14),,2015-11-17 08:46,回复(14),各种手工艺品，但是有很多在网上买会更便宜，花了95块钱买了一个钥匙盒，结果淘宝上包邮55，还看上了一个毛毡子零钱包49，淘宝上卖29，一进大门走了几家35块钱买了一个钥匙扣，结果往前走了几家，一模一样的25～也许买的是当时的心情，看好在网上买也不错，里面的衣服多少钱都有，几百到几千的，本以为是创意园地，没想到好多好多都是各处汇集来的，还可以吧，适合年轻朋友，还有一些画展，书法展，一进门那几家要花维修费参观的都没进去，大部分地方都不可以照相，里面也有便宜的，还有手工皮具，好看的都好几千，最后决定回来买皮具自己做
http://lvyou.baidu.com/798yishuqu/remark/?rn=15&pn=0&style=hot,蛋挞悦公主,有用(1),,2015-11-24 21:32,回复(5),，很文字的地方，不收门票。最早的厂房改建的，现在还保留火车道，水泥管等。798有好多艺术家画家开的店铺，有工艺品店，有画廊，有咖啡厅，很多有创意的店铺，门面装修的都很有特色，吸引了很多年轻人来此。我大概逛了2个小时，拍了很多照片，道路两边很多雕塑很喜欢。极具创意。如果你来北京，这里很值得你来看看。
http://lvyou.baidu.com/798yishuqu/remark/?rn=15&pn=0&style=hot,蛋挞悦公主,有用(0),,2016-04-20 10:43,回复(0),位于 区酒仙桥街道大山子地区，故又称大山子艺术区（英文简称DAD－Dashanzi Art District），原为原国营798厂等电子工业的老厂区所在地。此区域西起酒仙桥路，东至京包铁路、北起酒仙桥北路，南至将台路，面积60多万平方米，因当代艺术和798生活方式闻名于世。
http://lvyou.baidu.com/798yishuqu/remark/?rn=15&pn=0&style=hot,蛋挞悦公主,有用(0),,2016-04-19 14:28,回复(0),798艺术气息强烈，对于不懂的人来说，可能什么也看不懂，也会不喜欢，但是懂的人来说，可能会在798找到创作的灵感。因人而异。个人认为798比较好。一天时间看看逛逛比较好。带上朋友拍拍照什么的。798很丰富蜡像馆就是蜡像。不过看个人喜好了。
http://lvyou.baidu.com/798yishuqu/remark/?rn=15&pn=0&style=hot,蛋挞悦公主,有用(0),,2016-04-19 12:17,回复(0),除夕那天的798艺术区空荡荡的，我带着好奇的目光去打量这里的艺术气息。因为春节，所有的展馆都已大门紧锁，高大的烟囱不再冒出黑烟，厂房上还保留着同样沧桑的革命标语，这些工业遗迹像行为艺术般化身成了这个艺术区的外衣，收留特立独行的艺术家们在这里制造自己的灵感。
http://lvyou.baidu.com/798yishuqu/remark/?rn=15&pn=0&style=hot,蛋挞悦公主,有用(2),,2016-04-05 23:10,回复(0),在大冬天一个阳光明媚但冷风瑟瑟的早上，我和我的小伙伴衣着单薄，来到了798，由于没做攻略，就随意转，结婚早上八点多，好多艺术馆都没开门，只能瞎溜达，在冷风中乱转，只要看到开门的艺术馆就进去，只是为了取暖。。。因为里边的作品我们欣赏不来，太高大上太抽象。。整个798街区是由一个老的工业旧址改建装饰而成，充满了旧工业时代的氛围，本人对比很不感冒，中途转的时候迷路了，居然出去了，看到买煎饼果子的就买了一个（此行最快乐的事），边吃边转剩下的馆，最后在一个小西餐馆里解决了午餐，由于太冷，伙伴们决定在咖啡店坐着聊天，喝着冷饮，烤着电暖，冬日的暖阳还是不错的里（此行也宣告结束。建议冬季早上最好别去太冷
http://lvyou.baidu.com/798yishuqu/remark/?rn=15&pn=0&style=hot,蛋挞悦公主,有用(0),,2016-03-28 18:51,回复(2),一下火车已经是10:30了，朋友开车来接，目的地是 ，它是由一个废弃的工厂开发而成的，个人认为值得一去。坐公车有401，420，405，909，955，991，988，城铁临5路，小30路。注意，出租车不让进厂。里面有很多小店，风格都很独特，我觉得来这块买小礼物是再适合不过了，有外贸小礼品，也有学生自己做的，各式各样，价格也不贵~ 的首都，怎么说也要去一去~
http://lvyou.baidu.com/798yishuqu/remark/?rn=15&pn=0&style=hot,蛋挞悦公主,有用(3),,2016-03-28 08:19,回复(5),感受一下文艺范和小资范，店里的工艺品特别漂亮，当然价格不菲，适合送人。俺买个杯子能喝水就行，不用艺术气息那么浓郁的。在街上有小贩推着车买的陶瓷的杯，碗，很便宜。当然就是去店里养眼然后在街上买一个就行了
http://lvyou.baidu.com/798yishuqu/remark/?rn=15&pn=0&style=hot,蛋挞悦公主,有用(1),,2016-03-28 19:07,回复(0),第二天早晨，吃完早餐，大家就去了 ，拍了很多照片。有摄影比赛，而且有很多主题，比如什么重口味、小清新、最萌、最妩媚……各组都是希望自己的造型能最有创意。我、 、喜琳、腾腾一组，本想三个大美女，这回可有的拍了，结果倒是拍我拍得最多。哎……然后大家在那家小馆吃饭。味道很多，而且，很漂亮。还给有各自创意的团队颁奖了。最后令zhuoqi2的要求，补上了昨天拍的天使和苏琳的照片。
http://lvyou.baidu.com/798yishuqu/remark/?rn=15&pn=0&style=hot,蛋挞悦公主,有用(0),,2016-03-28 19:18,回复(0),吴冠中艺术展是在百雅轩艺术中心展出的，大多都是吴冠中先生的版画作品，价格3000——200000RMB不等，没有想象中的真迹。百雅轩798艺术中心是百雅轩文化艺术机构直属部门，是百雅轩连锁画廊计划的旗舰画廊。2010年12月18日开幕。位于 中心区北部一座完整的历史建筑。该建筑于1954——1957年由 包豪斯学派的建筑机构援助设计建成，曾经是该地区718联合厂（798前身）公共大食堂和活动礼堂，是798艺术区屈指可数的标志型建筑。﻿﻿          ﻿
http://lvyou.baidu.com/798yishuqu/remark/?rn=15&pn=0&style=hot,蛋挞悦公主,有用(0),,2016-03-28 19:03,回复(0),在 的东北角，有一个以上个世纪50年代建成的工厂命名的艺术区，这就是 。它位于北京 区酒仙桥街道大山子地区，故又称大山子艺术区（英文简称DAD－Dashanzi Art District），原为原国营798厂等电子工业的老厂区所在地。
http://lvyou.baidu.com/798yishuqu/remark/?rn=15&pn=0&style=hot,蛋挞悦公主,有用(0),,2016-03-28 18:44,回复(0),现在已经有近200家涉及文化艺术的机构进入此区域。据2005年3月的不完全统计，在进入 的103家机构中，主要包含创作展示和交流类、设计类两大类，其中属于艺术创作、展示和交流的有59家（占全部机构的57.3%），设计类（包括空间设计、广告设计、家居家具设计和服装与形象设计）有29家（占全部机构的28%以上）。此外，还有传播发行和书店及餐饮酒吧一类的跟艺术创作沾边的一些小门类。
http://lvyou.baidu.com/798yishuqu/remark/?rn=15&pn=0&style=hot,蛋挞悦公主,有用(0),,2016-03-28 18:37,回复(0),本来这天打算去 的，LG把坐车的地点查错了，我们在地铁里转来转去花了一上午，长城没去成，一看时间还早，就索性去了 。又是个艺术青年聚居地，我和LG对艺术都没啥兴趣，在一大堆的画廊间穿梭，无非也就是看个好奇。不收门票，园子很大，光逛逛就得好几个小时，想感受下艺术气氛和接受下艺术青年的穷游儿们来说是个好选择。午饭吃的东来顺涮羊肉，大众上团的，两个人吃了180，菜品很多，比较划算，羊牛肉都很薄，铜锅温度又很高，肉一涮就好，味道很鲜。
http://lvyou.baidu.com/798yishuqu/remark/?rn=15&pn=0&style=hot,蛋挞悦公主,有用(0),,2016-03-28 18:32,回复(0),第三天第七站： 。听说这里不比以前好了，确实不少店面关门，几个收门票的展览进出了了，但整体参观的年轻人还是不少，整个原苏联厂房利用的很充分，雕塑、画展、兜售小玩意门面，都表达这里是艺术的主题，希望越来越发展而不是萧条。21世纪的艺术家应该更有商业空间了。
http://lvyou.baidu.com/tiantan/remark/?rn=15&pn=0&style=hot,蛋挞悦公主,有用(9),天坛,2016-02-26 16:07,回复(8),"这次去 第一个景点就来到了 公园, 交通十分方便, 地铁5号线天坛 下就到了, 淡季票价比旺季便宜了5块：30.00元。天坛很大，是世界上现存规模最大、最完美的古代祭天建筑群。路上遇到一位老北京人，教我们要模仿皇帝的走法，从南到北走（南门-圜丘-皇穹宇-丹陛桥-斋宫-神乐署-祈年殿-皇乾殿-长廊-北门），越往北地势越高，寓意步步高升，呵呵。但很可惜的是，很多地方都加了围栏，回音壁已经不再回音了，上面密密麻麻的被刻上中文字，可恶的人类！去这之前建议多看看相关的历史知识，还有当年皇帝祭天的流程和礼仪之后再沿着仪式的流线一路参观过去，沿路感受古代先民对天地的敬畏和虔诚才有观摩的意义。"
http://lvyou.baidu.com/tiantan/remark/?rn=15&pn=0&style=hot,蛋挞悦公主,有用(8),天坛,2015-05-30 17:22,回复(15),是明、清两朝皇帝祭天、求雨和祈祷丰年的专用祭坛，坛域北呈圆形，南为方形，寓意“天圆地方”，天坛分为内坛、外坛两部分，祈年殿、回音壁等大家耳熟能详的建筑都在内坛，在这儿除了看到各殿堂的精巧建筑外，回音壁、三音石等奇巧的设计令人回味。天坛公园一般都是顺着中轴线游览，在中轴线的西边还有斋宫和神乐署是容易被忽略的，这两个地方需要单独买联票，去的时候好像是20，包含一场清朝宫廷演出，出乎意外的是神乐署居然还是侵华日军的一个细菌部队遗址。到天坛可以坐地铁5号线在“天坛 站”C口出站到东门，2路、17路、20路、36路、120路等“天坛西门”站下车即达。
http://lvyou.baidu.com/tiantan/remark/?rn=15&pn=0&style=hot,蛋挞悦公主,有用(8),天坛,2016-04-02 07:28,回复(2),是 的象征，分为内坛和外坛两部分，主体建筑是祈年殿和圜丘，园内还有著名的回音壁，红墙绿树和白色的石砖交相辉映。建议淡季去，人比较少，夏天太热了，差不多38度，游览2个小时左右。门票最好卖联票，性价比较高，最好租个讲解器。附近还有自然博物馆，往前走就是 。交通可以坐地铁5号线，在回音壁和三音石游客很多，要眼疾手快。
http://lvyou.baidu.com/tiantan/remark/?rn=15&pn=0&style=hot,蛋挞悦公主,有用(24),天坛,2015-11-16 17:37,回复(18),【门票】公园门票涨价了，售票处写着5元，结果是10元一张。联票（包括公园门票和景点门票即祈年殿、回音壁、圜丘）是30元一张。因为只想逛逛公园，所以只买了两张公园门票。【环境】从 进去，放眼望去全是大爷大妈聚在一起各种活动，广场舞、太极拳、卡拉OK应有尽有，太嘈杂，感觉不太好。一路朝着祈年殿走过去，会经过一个大长廊，那里活动更丰富…打牌的、下棋的、织毛衣的、听戏曲的、聊天的…应有尽有。看到这些场景，对天坛公园很失望，觉得太乱了。后来走到祈年殿入口，想着来都来了，还是应该进去观赏一下，于是又买了景点门票。事实证明这个决定太正确了。那天 的天空湛蓝湛蓝，太适合欣赏祈年殿。
http://lvyou.baidu.com/tiantan/remark/?rn=15&pn=0&style=hot,蛋挞悦公主,有用(21),天坛,2015-01-30 18:03,回复(40),"今年办了公园年票, 所以一找到机会又跑过来了, 公园最近的地铁站是5号线的天坛 站, 我们通常是坐35路公交在天坛北门下车, 因为北门外刚好有我们喜欢的恭敬李老 炸酱面, 每次都会先去饱餐一顿, 再进去公园消耗掉热量.  天坛公园面积挺大的, 认真走一圈是会真正的运动到的, 除了古建筑物外, 最吸引我的是那些古树, 似乎没有第2个地方有看到这样密集种植古树的地方了."
http://lvyou.baidu.com/tiantan/remark/?rn=15&pn=0&style=hot,蛋挞悦公主,有用(43),天坛,2014-04-20 14:52,回复(85),是我们这次旅游的最后一站，天坛应该是不久前翻新过，祈年殿看上去很新的样子， 众多有名的景点门票，就数天坛最娇气了，联票30块，学生票只是优惠个5块钱，有点不爽哦。坐地铁在5号线【天坛 】下车进去了就可以一路向西游玩祈年殿，皇穹宇和回音壁，圜丘，其中回音壁挺有意思的，确实能回音。
http://lvyou.baidu.com/tiantan/remark/?rn=15&pn=0&style=hot,蛋挞悦公主,有用(5),天坛,2015-09-15 21:12,回复(20),公园环境比较优美，公园入面的联票为35元，包含了祈年殿、回音壁和圆丘，建议大家这个，东南西北四个门均有公交车到达，最近的地铁站是5号线天坛 站，交通很方便。要把整个公园都逛下来大概要4个小时左右，我把我的线路分享给大家，建议从北门进，因为祈年殿最靠近的是北门，进公园后先不用急着去祈年殿，首先是去进门右边的双环万寿亭看看，听听一些老年人唱纯正的京剧；经过月季园、百花园来到和平门，穿过和平门就是祈年殿和皇乾殿；然后走在丹陛桥上一直往南走，进入回音壁与圆丘；最后往西走到达斋宫和神乐蜀，这两个不包含在联票里面要另外收费的。从西门出来后可以到旁边的自然博物馆去看看，凭身份证免费入内参观的，值得一看
http://lvyou.baidu.com/tiantan/remark/?rn=15&pn=0&style=hot,蛋挞悦公主,有用(16),天坛,2015-07-07 00:58,回复(16),位于 市中心，为明清两朝皇帝祭天、求雨的专用祭坛，世界上现存规模最大最完美的古代祭天建筑群，目前辟为天坛公园，分为外坛及内坛，中心景观主要以祈年殿、回音壁和通天台为主线。门票15元，但是游览内坛区域需购买通票35元，还是推荐买通票，包含祈年殿、回音壁、圜丘坛3个重要景点，这才是最大看点。学生票半价只是针对15元门票的。乘地铁5号线在天坛 站下车最便捷，出去就是天坛东门，进去后不久就能走到祈年殿。如果下午游览天坛，最好先去祈年殿，因为下午5点就要关门。出天坛西门步行至天桥商场路口向右拐，在天坛西门公交站乘17、20、69等路公交可到前门大街，老字号的商业美食街，非常适合晚上游览。
http://lvyou.baidu.com/tiantan/remark/?rn=15&pn=0&style=hot,蛋挞悦公主,有用(1),天坛,2016-03-28 18:35,回复(1),昨天在回旅店的路上，大家就在讨论去科技馆的事，我和妈妈非常支持去参观，但一个导游说从 到科技馆乘计程车要花70多元，这一下子就没其他人去了。所以我和妈妈只能在征得导游同意的情况下，暂时离队到科技馆参观。其实，到科技馆可以坐公共汽车，再换乘地铁，我们总共才花了12元，就到了目的地。
http://lvyou.baidu.com/tiantan/remark/?rn=15&pn=0&style=hot,蛋挞悦公主,有用(1),天坛,2016-03-17 19:34,回复(2),，皇家祭祀的地方！去 游玩，是一个值得去的地方。天坛很大，每天早上都会有很多附近的居民过来晨练，很热闹！在这里你不仅可以感受皇家的威严和气势，还能看见普通老百姓的生活！不过现在的天坛没有最初那么让人敬畏了，游客的增多让这里的建筑，环境都有所破坏，连回音壁都被装上了栏杆！天坛自有天坛的韵味，怀着一颗敬畏的心，去感受古时皇家祭祀的场面！建议买联票！
http://lvyou.baidu.com/tiantan/remark/?rn=15&pn=0&style=hot,蛋挞悦公主,有用(0),天坛,2016-04-20 19:12,回复(0),，是世界文化遗产，国家5A旅游景点，乘坐地站5号线可到达天坛 站，在D出口出来就是了。旺季联票是35.00元，06:00营业，淡季联票是30.00元，06:30营业。天坛的风景很不错，刚拍照已经用了很多很多时间了，更别说要考究历史的。很可惜的是，很多地方都加了围栏，回音壁已经不再回音了，上面密密麻麻的被刻上中文字，非常可惜。
http://lvyou.baidu.com/tiantan/remark/?rn=15&pn=0&style=hot,蛋挞悦公主,有用(0),天坛,2016-04-19 12:30,回复(0),参观完直接往东走几百米就是天坛西门了。联票30包含了大门、圜丘坛回音壁和祈年殿。沿着南北中轴线依次游览便可。公园西边还有单独售票的斋宫和神乐署，二者联票好像是20。时间赶没去看。逛完祈年殿从东边出来就是长廊（古代专门运牺牲的通道），顺着走可以凭身份证领取北宰牲亭、北神厨的门票（在北宰牲亭处入口领票）。宰牲亭顾名思义就是以前处理祭祀供品牺牲的地方，还部分保留了原样地基。而北神厨已经成了天坛文物展馆。有空可以一看。
http://lvyou.baidu.com/tiantan/remark/?rn=15&pn=0&style=hot,蛋挞悦公主,有用(0),天坛,2016-04-19 12:28,回复(0),我还是蛮喜欢这种圆圆的建筑的。听导游说北京所有的建筑都是圆中有方，方中有圆，蕴藏了很多风水哲学。北京的建筑中，只有天坛运用了蓝色，因为天坛是祭奠神灵的地方，而蓝色是几大原色中没有的，所以显得比较高贵，景泰蓝也是这个原因。
http://lvyou.baidu.com/tiantan/remark/?rn=15&pn=0&style=hot,蛋挞悦公主,有用(0),天坛,2016-04-19 12:28,回复(0),ps：从南锣鼓巷到天坛，我们坐了特11路公交车，第一次体验到了帝都公交车的魔性，完全不用抓栏杆，动都动不了。第一次吃这种锅子，肉都很大份，我们吃了没几片就觉得有点饱了。南方的娃儿们，没尝试过的可以来吃吃哟，据说只有天坛后门这家才排队呢，味道还不错。
http://lvyou.baidu.com/tiantan/remark/?rn=15&pn=0&style=hot,蛋挞悦公主,有用(0),天坛,2016-04-19 12:28,回复(0),之后我们回了王府井大街，然后找吃饭的地儿，小徐听了导游的推荐之后，带着我去天坛后门的【南门涮肉】吃饭，我们到的时候大概已经7点了，排了很长的队伍，我们是97号，饿着肚子的我们哭死，因为地方偏，边上没什么吃饭的店，我们只能到边上超市买了两根火腿肠垫垫肚子，继续等着。期间小徐捡到了张88的号，我们就在快8点的时候坐了下来！
http://lvyou.baidu.com/niaochao/remark/?rn=15&pn=0&style=hot,蛋挞悦公主,有用(32),鸟巢,2014-11-24 16:11,回复(43),位于奥林匹克公园里面，地铁8号线奥林匹克公园站出来就是，需要注意的是，现在奥体中心站维护，达到不了那里，必须奥林匹克公园站下来，进去需要安检，晚上9点关门， ， ，国家体院馆等都在里面，08年奥运会主赛场，名气太大，每个 人都知道，建议晚上去看，灯光效果特别好，这次APEC领导人峰会晚宴之后的鸟巢展示的水幕场景都有重播，身临其境的感受！
http://lvyou.baidu.com/niaochao/remark/?rn=15&pn=0&style=hot,蛋挞悦公主,有用(44),鸟巢,2013-09-28 16:44,回复(120),去这个地方的话一定要把 、 这些比赛的场馆一起逛完，就在外面看看就行，不用进去，场馆里面全国各地都一样没什么客逛的！看完这些往北边走去奥利匹克公园看看！那里面很好，景色很自然！是 的一个大氧吧！交通很便利公园门口就有地tiede
http://lvyou.baidu.com/niaochao/remark/?rn=15&pn=0&style=hot,蛋挞悦公主,有用(0),鸟巢,2016-03-28 16:30,回复(1),一早起来，就开始讨论去欢乐谷还是 ，之前这两个地方都在行程安排之中，但是后来决定提前一天回去，所以这两个地方只能是二选一了。最后的决定是去鸟巢。因为这几天正赶上降温，欢乐谷大都是玩户外，天太冷了怕玩得影响兴致。
http://lvyou.baidu.com/niaochao/remark/?rn=15&pn=0&style=hot,蛋挞悦公主,有用(0),鸟巢,2016-04-19 12:24,回复(0),长城登完后在鸟巢下的车，本来想来看鸟巢夜景，所以定了附近的酒店，后来发现到了酒店肯定就不会再想出门的。这里要强烈推荐一下如家和颐酒店（亚运村店），设施服务都不错，性价比很高，不足之处就是对于我们外地人来说，比较难找到坐到酒店的公交车。
http://lvyou.baidu.com/niaochao/remark/?rn=15&pn=0&style=hot,蛋挞悦公主,有用(0),鸟巢,2016-04-19 12:23,回复(0),不知道什么时候，鸟巢成了来北京比到的地方，这次我自然也不会错过。来的时候是工作日的晚上，空旷，人少。然后，展开脚架，放上相机，开始一顿乱拍。。晚上的鸟巢特别好看，可能是黄色灯光加上红色线条的原因，真的是，没白建。其实更奇葩的建筑是旁边有一座像火炬一般的大楼，没好意思拍下来，后来回去百度了一下还挺有名的。。站在奥体公园的时候，我会想象着08年北京奥运的时候，这里的情景。大概是人山人海，观众，运动员，记者，来自世界各地，享受着他们的运动快感。
http://lvyou.baidu.com/niaochao/remark/?rn=15&pn=0&style=hot,蛋挞悦公主,有用(0),鸟巢,2016-03-28 18:19,回复(0),和国家体育场‘ ’隔马路遥相呼应，建设规模约8万平方米，最引人注意的就是外围形似水泡的ETFE膜（乙烯-四氟乙烯共聚物）。ETFE膜是一种透明膜，能为场馆内带来更多的自然光，他的内部是一个多层楼建筑，对称排列的大看台视野开阔，馆内乳白色的建筑与碧蓝的水池相映成趣。
http://lvyou.baidu.com/niaochao/remark/?rn=15&pn=0&style=hot,蛋挞悦公主,有用(0),鸟巢,2016-03-28 18:13,回复(0),"“ ”位于 奥林匹克公园中心区南部，工程总占地面积21公顷，建筑面积258,000㎡。场内观众坐席约为91000个，其中临时坐席约11000个。举行奥运会、残奥会开闭幕式、田径比赛及足球比赛决赛。奥运会后成为北京市民广泛参与体育活动及享受体育娱乐的大型专业场所，并成为具有地标性的体育建筑和奥运遗产。"
http://lvyou.baidu.com/niaochao/remark/?rn=15&pn=0&style=hot,蛋挞悦公主,有用(0),鸟巢,2016-03-28 17:59,回复(0),吐槽点4：指示不明确。看完 后准备坐10号线回酒店，地图上提示应往北走，但景区的路标指示却是南。问了广场上的工作人员，被告知“你向北走，那个路标指示是错的“。我去！错的还不赶紧改掉！这错误不知道害了多少人！而且 的路牌太少，如 几乎每个路口都会有道路指示牌，路边建筑上也都有门牌号，可以快速确定自己所处位置。另外一点是地铁的标示不明确。比如积水潭站，我从它身边走过都没有发现这是地铁入口，临街这边的墙上就不能加上“积水潭”这个牌子吗？上海的地铁不仅有明显的标示“XX站”，而且建筑形式比较统一，辨识度很高。
http://lvyou.baidu.com/niaochao/remark/?rn=15&pn=0&style=hot,蛋挞悦公主,有用(0),鸟巢,2016-03-28 17:56,回复(0),因为没打算去 里面看看，所以拍了点照我们一行就匆匆去觅食了，不过傍晚的奥林匹克公园还真的是好地方，很多人都在里面散步。晚上在 大街吃饭，吃 的特色小吃，炸酱面（好吃，油了点感觉）、卤煮、糖耳朵、爆肚，能饱，不过感觉没那么好吃，大概是吃不惯。
http://lvyou.baidu.com/niaochao/remark/?rn=15&pn=0&style=hot,蛋挞悦公主,有用(0),鸟巢,2016-03-28 17:52,回复(0),国家体育场（“ ”）是2008年 奥运会主体育场。由雅克·赫尔佐格、德梅隆、艾未未以及 建筑师李兴刚等合作完成的巨型体育场设计，形态如同孕育生命的“巢”，它更像一个摇篮，寄托着人类对未来的希望。设计者们对这个国家体育场没有做任何多余的处理，只是坦率地把结构暴露在外，因而自然形成了建筑的外观。
http://lvyou.baidu.com/niaochao/remark/?rn=15&pn=0&style=hot,蛋挞悦公主,有用(0),鸟巢,2016-03-28 17:28,回复(0),下车后，顶着烈日，拖着箱子，边走边寻找有卖晒伤药的，直行左拐再右拐，到一个相对有点生活气息的地方，买了药，打了车，直奔 。我们住的是大雁房。一到房间，兔兔就开始咔嚓，她在拍，也在被拍这是露天浴室这是床，带帐子的，从房梁垂下来那种，最投兔兔喜欢，只可以上面破了个洞。
http://lvyou.baidu.com/niaochao/remark/?rn=15&pn=0&style=hot,蛋挞悦公主,有用(0),鸟巢,2016-03-28 17:25,回复(0),依旧是将自己安顿下来哈。我在携程网上选中了一家叫爽爽家 的客栈，老板人超级好的，到桥头接的我俩，而且还给我俩领进了古城，免去了门票，但亲们注意哦，没有门票是好多路都要绕行的，因为只要有景点的地方就有人查门票，把景点绕过去就ok了。话说我定的客栈，超级喜欢，有独立阳台，大床，但我好像是有跳蚤，搞的我一晚没太睡好。
http://lvyou.baidu.com/niaochao/remark/?rn=15&pn=0&style=hot,蛋挞悦公主,有用(0),鸟巢,2016-03-28 17:13,回复(0),回家得路上有点小插曲，给大家讲一讲，就是从 景点出来以后，我们找公交站牌坐车回家，走了没多远，景点外面有个天桥，我们路过看到好几个穿着卡通衣服的人，待我么走近以后她们好热情，拉着我们在那拍照，本来心情很好的，谁知一会我们准备走的时候他就把我们拦住跟我们要钱，拿出一张纸片，上边写的是聋哑人，请求帮助，拍照10元，唉，当时好伤心，也并不是多少钱的问题，压根感觉就是被骗了，此后在很多地方都有碰到过这种情况，自然见怪不怪了，所以大家还是躲远一点好了，很无语.................
http://lvyou.baidu.com/niaochao/remark/?rn=15&pn=0&style=hot,蛋挞悦公主,有用(0),鸟巢,2016-03-28 17:01,回复(0),“这个大棚专门培育吊篮……”，“46号大棚住的蕨类幼苗……”，“43号大棚里有漂亮的豹纹蕨和 蕨……”，“特号棚里有红掌、粉掌、白掌……”。占地1200亩的园子很大，幸亏我自己开了车，不然的话，一个棚一个棚地走，人都要累惨了！我们驾车围着各个大棚走走停停，走一处、看一处，看了园内的十几个花卉大棚，直到站到一大片郁郁葱葱的有机苹果采摘园前，我眼前晃动的还是色彩斑斓的各色花卉。
http://lvyou.baidu.com/niaochao/remark/?rn=15&pn=0&style=hot,蛋挞悦公主,有用(0),鸟巢,2016-03-28 17:00,回复(0),中心区位于奥林匹克公园中部，科荟路以南，北四环中路以北。其西北角设有奥运村，南部设有各个主场馆，包括国家体育场“ ”、国家游泳中心“ ”、国家体育馆、国家会议中心（赛时为击剑馆、国际广播中心）等。此外，奥林匹克多功能演播塔（玲珑塔）、数字 大厦、主新闻中心也在这一区域。
